date,latitude,longitude,sst_C,front_C_per_km,current_u_ms,current_v_ms,current_speed_ms,pfz_class,pfz_label
10/5/2026,17.8333,87.8333,30.045,0.0036,-0.147,-0.022,0.149,0,No PFZ
10/5/2026,17.8333,87.9167,30.099,0.0028,-0.159,-0.06,0.17,0,No PFZ
10/5/2026,17.8333,88,30.109,0.0005,-0.173,-0.083,0.192,0,No PFZ
10/5/2026,17.8333,88.0833,30.08,0.0017,-0.187,-0.107,0.215,0,No PFZ
10/5/2026,17.8333,88.1667,30.065,0.0021,-0.202,-0.135,0.243,0,No PFZ
10/5/2026,17.8333,88.25,30.045,0.002,-0.22,-0.161,0.273,0,No PFZ
10/5/2026,17.8333,88.3333,30.037,0.0017,-0.234,-0.177,0.294,0,No PFZ
10/5/2026,17.8333,88.4167,30.028,0.0011,-0.234,-0.177,0.294,0,No PFZ
10/5/2026,17.8333,88.5,30.026,0.0006,-0.216,-0.146,0.261,0,No PFZ
10/5/2026,17.8333,88.5833,30.046,0.0021,-0.188,-0.081,0.205,0,No PFZ
10/5/2026,17.8333,88.6667,30.078,0.0032,-0.159,-0.034,0.162,0,No PFZ
10/5/2026,17.8333,88.75,30.097,0.0029,-0.133,-0.005,0.133,0,No PFZ
10/5/2026,17.8333,88.8333,30.094,0.002,-0.114,0.018,0.115,0,No PFZ
10/5/2026,17.8333,88.9167,30.095,0.0013,-0.106,0.031,0.11,0,No PFZ
10/5/2026,17.8333,89,30.099,0.001,-0.112,0.03,0.116,0,No PFZ
10/5/2026,17.8333,89.0833,30.092,0.0009,-0.128,0.014,0.129,0,No PFZ
10/5/2026,17.8333,89.1667,30.082,0.0005,-0.147,-0.011,0.147,0,No PFZ
10/5/2026,17.8333,89.25,30.083,0.0009,-0.159,-0.021,0.16,0,No PFZ
10/5/2026,17.8333,89.3333,30.098,0.0015,-0.158,-0.004,0.158,0,No PFZ
10/5/2026,17.8333,89.4167,30.115,0.0013,-0.149,0.038,0.154,0,No PFZ
10/5/2026,17.8333,89.5,30.119,0.0007,-0.141,0.085,0.165,0,No PFZ
10/5/2026,17.8333,89.5833,30.1,0.0018,-0.144,0.113,0.183,0,No PFZ
10/5/2026,17.8333,89.6667,30.074,0.0022,-0.158,0.114,0.195,0,No PFZ
10/5/2026,17.8333,89.75,30.059,0.0018,-0.174,0.103,0.202,0,No PFZ
10/5/2026,17.8333,89.8333,30.053,0.0016,-0.185,0.113,0.217,0,No PFZ
10/5/2026,17.8333,89.9167,30.04,0.0021,-0.19,0.153,0.244,0,No PFZ
10/5/2026,17.8333,90,30.018,0.0027,-0.193,0.204,0.281,1,Moderate PFZ
10/5/2026,17.8333,90.0833,29.998,0.0025,-0.198,0.248,0.317,1,Moderate PFZ
10/5/2026,17.8333,90.1667,29.987,0.0019,-0.204,0.285,0.351,1,Moderate PFZ
10/5/2026,17.8333,90.25,29.98,0.0014,-0.208,0.321,0.382,1,Moderate PFZ
10/5/2026,17.8333,90.3333,29.973,0.0012,-0.205,0.349,0.405,0,No PFZ
10/5/2026,17.8333,90.4167,29.969,0.0012,-0.196,0.359,0.409,0,No PFZ
10/5/2026,17.8333,90.5,29.97,0.0016,-0.176,0.345,0.388,1,Moderate PFZ
10/5/2026,17.8333,90.5833,29.982,0.0026,-0.15,0.308,0.342,1,Moderate PFZ
10/5/2026,17.8333,90.6667,30.003,0.0034,-0.123,0.248,0.277,1,Moderate PFZ
10/5/2026,17.8333,90.75,30.037,0.0027,-0.1,0.169,0.196,0,No PFZ
10/5/2026,17.8333,90.8333,30.063,0.0006,-0.073,0.074,0.104,0,No PFZ
10/5/2026,17.8333,90.9167,30.054,0.0018,-0.05,-0.012,0.051,0,No PFZ
10/5/2026,17.8333,91,30.046,0.0045,-0.057,-0.03,0.064,0,No PFZ
10/5/2026,17.8333,91.0833,29.983,0.0048,-0.083,-0.004,0.083,0,No PFZ
10/5/2026,17.8333,91.1667,29.919,0.0011,-0.078,-0.017,0.08,0,No PFZ
10/5/2026,17.8333,91.25,29.948,0.0027,-0.049,-0.067,0.083,0,No PFZ
10/5/2026,17.8333,91.3333,29.982,0.0028,-0.027,-0.121,0.124,0,No PFZ
10/5/2026,17.8333,91.4167,30.009,0.0017,-0.02,-0.162,0.163,0,No PFZ
10/5/2026,17.8333,91.5,30.014,0.001,-0.021,-0.191,0.192,0,No PFZ
10/5/2026,17.8333,91.5833,30.019,0.0009,-0.019,-0.217,0.218,0,No PFZ
10/5/2026,17.8333,91.6667,30.028,0.0006,-0.016,-0.244,0.245,0,No PFZ
10/5/2026,17.8333,91.75,30.031,0.0002,-0.018,-0.268,0.268,0,No PFZ
10/5/2026,17.8333,91.8333,30.029,0.0009,-0.026,-0.284,0.286,0,No PFZ
10/5/2026,17.8333,91.9167,30.019,0.0017,-0.036,-0.295,0.297,0,No PFZ
10/5/2026,17.8333,92,29.997,0.0022,-0.038,-0.29,0.293,0,No PFZ
10/5/2026,17.8333,92.0833,29.977,0.0025,-0.021,-0.248,0.249,0,No PFZ
10/5/2026,17.8333,92.1667,29.95,0.0029,0.006,-0.173,0.173,0,No PFZ
10/5/2026,17.8333,92.25,29.92,0.0028,0.026,-0.132,0.135,0,No PFZ
10/5/2026,17.8333,92.3333,29.903,0.0021,0.036,-0.121,0.126,0,No PFZ
10/5/2026,17.8333,92.4167,29.891,0.0014,0.042,-0.118,0.125,0,No PFZ
10/5/2026,17.8333,92.5,29.879,0.0013,0.044,-0.128,0.135,0,No PFZ
10/5/2026,17.8333,92.5833,29.878,0.0026,0.036,-0.133,0.138,0,No PFZ
10/5/2026,17.8333,92.6667,29.838,0.0042,0.03,-0.107,0.111,0,No PFZ
10/5/2026,17.8333,92.75,29.786,0.0039,0.033,-0.098,0.103,0,No PFZ
10/5/2026,17.8333,92.8333,29.773,0.003,0.028,-0.118,0.121,0,No PFZ
10/5/2026,17.8333,92.9167,29.761,0.0044,0.008,-0.142,0.142,0,No PFZ
10/5/2026,17.8333,93,29.703,0.0063,-0.013,-0.156,0.156,1,Moderate PFZ
10/5/2026,17.8333,93.0833,29.606,0.0069,-0.022,-0.163,0.164,1,Moderate PFZ
10/5/2026,17.9167,87.8333,30.024,0.0039,-0.127,-0.006,0.128,0,No PFZ
10/5/2026,17.9167,87.9167,30.079,0.0036,-0.139,-0.046,0.146,0,No PFZ
10/5/2026,17.9167,88,30.108,0.0016,-0.151,-0.07,0.167,0,No PFZ
10/5/2026,17.9167,88.0833,30.095,0.0008,-0.162,-0.089,0.185,0,No PFZ
10/5/2026,17.9167,88.1667,30.082,0.0017,-0.174,-0.111,0.207,0,No PFZ
10/5/2026,17.9167,88.25,30.064,0.002,-0.19,-0.138,0.234,0,No PFZ
10/5/2026,17.9167,88.3333,30.05,0.0019,-0.206,-0.162,0.262,0,No PFZ
10/5/2026,17.9167,88.4167,30.039,0.0017,-0.215,-0.177,0.278,0,No PFZ
10/5/2026,17.9167,88.5,30.027,0.001,-0.212,-0.177,0.276,0,No PFZ
10/5/2026,17.9167,88.5833,30.015,0.0006,-0.197,-0.147,0.245,0,No PFZ
10/5/2026,17.9167,88.6667,30.034,0.0024,-0.172,-0.085,0.192,0,No PFZ
10/5/2026,17.9167,88.75,30.063,0.0031,-0.147,-0.038,0.152,0,No PFZ
10/5/2026,17.9167,88.8333,30.079,0.0027,-0.123,-0.009,0.123,0,No PFZ
10/5/2026,17.9167,88.9167,30.083,0.0019,-0.105,0.015,0.106,0,No PFZ
10/5/2026,17.9167,89,30.087,0.0013,-0.1,0.029,0.104,0,No PFZ
10/5/2026,17.9167,89.0833,30.085,0.0009,-0.107,0.027,0.11,0,No PFZ
10/5/2026,17.9167,89.1667,30.077,0.0006,-0.123,0.011,0.123,0,No PFZ
10/5/2026,17.9167,89.25,30.076,0.0008,-0.14,-0.009,0.141,0,No PFZ
10/5/2026,17.9167,89.3333,30.084,0.0015,-0.15,-0.014,0.15,0,No PFZ
10/5/2026,17.9167,89.4167,30.102,0.0016,-0.146,0.011,0.146,0,No PFZ
10/5/2026,17.9167,89.5,30.113,0.0008,-0.134,0.058,0.146,0,No PFZ
10/5/2026,17.9167,89.5833,30.11,0.001,-0.125,0.107,0.165,0,No PFZ
10/5/2026,17.9167,89.6667,30.09,0.0019,-0.129,0.132,0.185,0,No PFZ
10/5/2026,17.9167,89.75,30.07,0.0019,-0.142,0.131,0.193,0,No PFZ
10/5/2026,17.9167,89.8333,30.063,0.0015,-0.157,0.125,0.201,0,No PFZ
10/5/2026,17.9167,89.9167,30.062,0.0018,-0.166,0.147,0.222,0,No PFZ
10/5/2026,17.9167,90,30.047,0.0025,-0.169,0.194,0.258,0,No PFZ
10/5/2026,17.9167,90.0833,30.021,0.0028,-0.169,0.248,0.3,1,Moderate PFZ
10/5/2026,17.9167,90.1667,30,0.0023,-0.168,0.289,0.335,1,Moderate PFZ
10/5/2026,17.9167,90.25,29.988,0.0017,-0.165,0.321,0.361,1,Moderate PFZ
10/5/2026,17.9167,90.3333,29.985,0.0014,-0.157,0.341,0.376,0,No PFZ
10/5/2026,17.9167,90.4167,29.986,0.0014,-0.144,0.342,0.371,0,No PFZ
10/5/2026,17.9167,90.5,29.988,0.0019,-0.124,0.32,0.344,1,Moderate PFZ
10/5/2026,17.9167,90.5833,30.002,0.0031,-0.103,0.277,0.295,1,Moderate PFZ
10/5/2026,17.9167,90.6667,30.034,0.0034,-0.087,0.215,0.232,0,No PFZ
10/5/2026,17.9167,90.75,30.065,0.002,-0.074,0.132,0.152,0,No PFZ
10/5/2026,17.9167,90.8333,30.064,0.0006,-0.054,0.036,0.065,0,No PFZ
10/5/2026,17.9167,90.9167,30.045,0.0028,-0.047,-0.02,0.051,0,No PFZ
10/5/2026,17.9167,91,30.026,0.005,-0.069,0.001,0.069,0,No PFZ
10/5/2026,17.9167,91.0833,29.931,0.0036,-0.08,0.005,0.081,0,No PFZ
10/5/2026,17.9167,91.1667,29.93,0.001,-0.059,-0.036,0.069,0,No PFZ
10/5/2026,17.9167,91.25,29.975,0.0029,-0.036,-0.092,0.099,0,No PFZ
10/5/2026,17.9167,91.3333,30.005,0.0021,-0.027,-0.134,0.137,0,No PFZ
10/5/2026,17.9167,91.4167,30.01,0.0012,-0.025,-0.17,0.172,0,No PFZ
10/5/2026,17.9167,91.5,30.01,0.0011,-0.02,-0.199,0.2,0,No PFZ
10/5/2026,17.9167,91.5833,30.032,0.001,-0.013,-0.226,0.226,0,No PFZ
10/5/2026,17.9167,91.6667,30.042,0.0003,-0.013,-0.249,0.25,0,No PFZ
10/5/2026,17.9167,91.75,30.035,0.0004,-0.017,-0.27,0.27,0,No PFZ
10/5/2026,17.9167,91.8333,30.028,0.001,-0.024,-0.285,0.286,0,No PFZ
10/5/2026,17.9167,91.9167,30.015,0.0016,-0.036,-0.296,0.298,0,No PFZ
10/5/2026,17.9167,92,29.996,0.0019,-0.047,-0.3,0.304,0,No PFZ
10/5/2026,17.9167,92.0833,29.98,0.0021,-0.043,-0.278,0.282,0,No PFZ
10/5/2026,17.9167,92.1667,29.966,0.0026,-0.018,-0.208,0.209,0,No PFZ
10/5/2026,17.9167,92.25,29.936,0.003,0.014,-0.144,0.145,0,No PFZ
10/5/2026,17.9167,92.3333,29.907,0.0025,0.036,-0.126,0.131,0,No PFZ
10/5/2026,17.9167,92.4167,29.891,0.0016,0.046,-0.126,0.134,0,No PFZ
10/5/2026,17.9167,92.5,29.884,0.0012,0.046,-0.131,0.139,0,No PFZ
10/5/2026,17.9167,92.5833,29.885,0.0022,0.041,-0.126,0.133,0,No PFZ
10/5/2026,17.9167,92.6667,29.856,0.004,0.043,-0.094,0.103,0,No PFZ
10/5/2026,17.9167,92.75,29.796,0.0044,0.052,-0.078,0.093,0,No PFZ
10/5/2026,17.9167,92.8333,29.767,0.0035,0.05,-0.096,0.108,0,No PFZ
10/5/2026,17.9167,92.9167,29.756,0.0041,0.03,-0.126,0.13,0,No PFZ
10/5/2026,17.9167,93,29.713,0.0056,0.001,-0.139,0.139,1,Moderate PFZ
10/5/2026,17.9167,93.0833,29.64,0.0064,-0.015,-0.142,0.142,1,Moderate PFZ
10/5/2026,18,87.8333,30.006,0.0036,-0.103,0.02,0.105,0,No PFZ
10/5/2026,18,87.9167,30.05,0.0043,-0.113,-0.03,0.116,0,No PFZ
10/5/2026,18,88,30.093,0.0035,-0.126,-0.056,0.138,0,No PFZ
10/5/2026,18,88.0833,30.097,0.0015,-0.137,-0.076,0.156,0,No PFZ
10/5/2026,18,88.1667,30.092,0.0007,-0.147,-0.092,0.173,0,No PFZ
10/5/2026,18,88.25,30.082,0.0011,-0.159,-0.113,0.195,0,No PFZ
10/5/2026,18,88.3333,30.072,0.0015,-0.173,-0.139,0.222,0,No PFZ
10/5/2026,18,88.4167,30.061,0.0019,-0.185,-0.161,0.245,0,No PFZ
10/5/2026,18,88.5,30.051,0.0021,-0.191,-0.171,0.256,0,No PFZ
10/5/2026,18,88.5833,30.026,0.0015,-0.188,-0.17,0.253,0,No PFZ
10/5/2026,18,88.6667,30.011,0.0004,-0.172,-0.143,0.224,0,No PFZ
10/5/2026,18,88.75,30.018,0.002,-0.151,-0.088,0.175,0,No PFZ
10/5/2026,18,88.8333,30.043,0.0029,-0.131,-0.041,0.137,0,No PFZ
10/5/2026,18,88.9167,30.065,0.0027,-0.113,-0.012,0.113,0,No PFZ
10/5/2026,18,89,30.073,0.002,-0.099,0.011,0.099,0,No PFZ
10/5/2026,18,89.0833,30.076,0.0014,-0.093,0.025,0.096,0,No PFZ
10/5/2026,18,89.1667,30.074,0.0008,-0.097,0.024,0.1,0,No PFZ
10/5/2026,18,89.25,30.074,0.0007,-0.112,0.011,0.112,0,No PFZ
10/5/2026,18,89.3333,30.076,0.0013,-0.128,-0.004,0.128,0,No PFZ
10/5/2026,18,89.4167,30.084,0.0018,-0.136,-0.002,0.136,0,No PFZ
10/5/2026,18,89.5,30.099,0.0015,-0.131,0.031,0.135,0,No PFZ
10/5/2026,18,89.5833,30.107,0.0005,-0.119,0.084,0.146,0,No PFZ
10/5/2026,18,89.6667,30.106,0.001,-0.112,0.131,0.172,0,No PFZ
10/5/2026,18,89.75,30.088,0.0017,-0.116,0.15,0.19,0,No PFZ
10/5/2026,18,89.8333,30.072,0.0016,-0.127,0.145,0.193,0,No PFZ
10/5/2026,18,89.9167,30.067,0.0014,-0.138,0.148,0.202,0,No PFZ
10/5/2026,18,90,30.064,0.0019,-0.141,0.182,0.23,0,No PFZ
10/5/2026,18,90.0833,30.046,0.0025,-0.136,0.236,0.272,0,No PFZ
10/5/2026,18,90.1667,30.023,0.0025,-0.128,0.285,0.312,1,Moderate PFZ
10/5/2026,18,90.25,30.008,0.002,-0.119,0.315,0.337,1,Moderate PFZ
10/5/2026,18,90.3333,30.003,0.0015,-0.107,0.328,0.345,0,No PFZ
10/5/2026,18,90.4167,30.001,0.0014,-0.091,0.321,0.334,1,Moderate PFZ
10/5/2026,18,90.5,30.001,0.0024,-0.072,0.294,0.303,1,Moderate PFZ
10/5/2026,18,90.5833,30.022,0.0035,-0.058,0.25,0.257,1,Moderate PFZ
10/5/2026,18,90.6667,30.064,0.003,-0.054,0.189,0.197,0,No PFZ
10/5/2026,18,90.75,30.082,0.0011,-0.048,0.101,0.112,0,No PFZ
10/5/2026,18,90.8333,30.052,0.0017,-0.035,0.012,0.037,0,No PFZ
10/5/2026,18,90.9167,30.055,0.0039,-0.042,-0.002,0.042,0,No PFZ
10/5/2026,18,91,29.989,0.005,-0.066,0.028,0.072,0,No PFZ
10/5/2026,18,91.0833,29.918,0.0018,-0.062,-0.001,0.062,0,No PFZ
10/5/2026,18,91.1667,29.959,0.0022,-0.039,-0.056,0.069,0,No PFZ
10/5/2026,18,91.25,29.998,0.0023,-0.03,-0.106,0.11,0,No PFZ
10/5/2026,18,91.3333,30.005,0.0011,-0.026,-0.144,0.147,0,No PFZ
10/5/2026,18,91.4167,29.999,0.001,-0.018,-0.18,0.181,0,No PFZ
10/5/2026,18,91.5,30.018,0.0012,-0.008,-0.211,0.211,0,No PFZ
10/5/2026,18,91.5833,30.035,0.0011,-0.005,-0.236,0.236,0,No PFZ
10/5/2026,18,91.6667,30.031,0.001,-0.005,-0.257,0.257,0,No PFZ
10/5/2026,18,91.75,30.025,0.0005,-0.008,-0.273,0.273,0,No PFZ
10/5/2026,18,91.8333,30.025,0.0007,-0.013,-0.283,0.283,0,No PFZ
10/5/2026,18,91.9167,30.014,0.0015,-0.025,-0.288,0.289,0,No PFZ
10/5/2026,18,92,29.996,0.0018,-0.041,-0.294,0.297,0,No PFZ
10/5/2026,18,92.0833,29.982,0.0019,-0.052,-0.292,0.297,0,No PFZ
10/5/2026,18,92.1667,29.972,0.0022,-0.041,-0.252,0.255,0,No PFZ
10/5/2026,18,92.25,29.952,0.0029,-0.008,-0.176,0.176,0,No PFZ
10/5/2026,18,92.3333,29.915,0.0029,0.027,-0.137,0.139,0,No PFZ
10/5/2026,18,92.4167,29.894,0.002,0.045,-0.13,0.137,0,No PFZ
10/5/2026,18,92.5,29.888,0.0013,0.05,-0.132,0.141,0,No PFZ
10/5/2026,18,92.5833,29.888,0.0016,0.051,-0.128,0.138,0,No PFZ
10/5/2026,18,92.6667,29.877,0.0032,0.057,-0.101,0.116,0,No PFZ
10/5/2026,18,92.75,29.834,0.0046,0.071,-0.072,0.101,0,No PFZ
10/5/2026,18,92.8333,29.794,0.0044,0.078,-0.072,0.106,0,No PFZ
10/5/2026,18,92.9167,29.779,0.0041,0.064,-0.098,0.117,0,No PFZ
10/5/2026,18,93,29.756,0.0049,0.036,-0.115,0.12,0,No PFZ
10/5/2026,18,93.0833,29.699,0.006,0.012,-0.108,0.108,0,No PFZ
10/5/2026,18.0833,87.8333,29.991,0.0016,-0.075,0.047,0.089,0,No PFZ
10/5/2026,18.0833,87.9167,30.009,0.0033,-0.08,-0.005,0.08,0,No PFZ
10/5/2026,18.0833,88,30.054,0.0046,-0.092,-0.037,0.1,0,No PFZ
10/5/2026,18.0833,88.0833,30.082,0.0039,-0.107,-0.061,0.123,0,No PFZ
10/5/2026,18.0833,88.1667,30.083,0.0026,-0.118,-0.077,0.141,0,No PFZ
10/5/2026,18.0833,88.25,30.084,0.0014,-0.129,-0.092,0.158,0,No PFZ
10/5/2026,18.0833,88.3333,30.082,0.0005,-0.14,-0.114,0.181,0,No PFZ
10/5/2026,18.0833,88.4167,30.076,0.0008,-0.154,-0.14,0.208,0,No PFZ
10/5/2026,18.0833,88.5,30.068,0.0016,-0.167,-0.161,0.232,0,No PFZ
10/5/2026,18.0833,88.5833,30.055,0.0022,-0.174,-0.169,0.243,0,No PFZ
10/5/2026,18.0833,88.6667,30.029,0.0018,-0.168,-0.164,0.235,0,No PFZ
10/5/2026,18.0833,88.75,30.015,0.0005,-0.152,-0.135,0.203,0,No PFZ
10/5/2026,18.0833,88.8333,30.012,0.0012,-0.132,-0.084,0.157,0,No PFZ
10/5/2026,18.0833,88.9167,30.034,0.0023,-0.115,-0.041,0.122,0,No PFZ
10/5/2026,18.0833,89,30.05,0.0024,-0.101,-0.016,0.103,0,No PFZ
10/5/2026,18.0833,89.0833,30.059,0.0018,-0.088,0.006,0.089,0,No PFZ
10/5/2026,18.0833,89.1667,30.067,0.0012,-0.081,0.021,0.084,0,No PFZ
10/5/2026,18.0833,89.25,30.068,0.0008,-0.085,0.024,0.088,0,No PFZ
10/5/2026,18.0833,89.3333,30.065,0.001,-0.099,0.013,0.1,0,No PFZ
10/5/2026,18.0833,89.4167,30.069,0.0015,-0.115,0.003,0.115,0,No PFZ
10/5/2026,18.0833,89.5,30.082,0.0018,-0.122,0.014,0.122,0,No PFZ
10/5/2026,18.0833,89.5833,30.098,0.0014,-0.116,0.055,0.129,0,No PFZ
10/5/2026,18.0833,89.6667,30.107,0.0003,-0.105,0.11,0.152,0,No PFZ
10/5/2026,18.0833,89.75,30.102,0.001,-0.099,0.152,0.181,0,No PFZ
10/5/2026,18.0833,89.8333,30.082,0.0015,-0.101,0.163,0.192,0,No PFZ
10/5/2026,18.0833,89.9167,30.069,0.0013,-0.107,0.161,0.193,0,No PFZ
10/5/2026,18.0833,90,30.065,0.0013,-0.109,0.176,0.207,0,No PFZ
10/5/2026,18.0833,90.0833,30.056,0.002,-0.102,0.219,0.241,0,No PFZ
10/5/2026,18.0833,90.1667,30.038,0.0024,-0.089,0.268,0.282,1,Moderate PFZ
10/5/2026,18.0833,90.25,30.022,0.0021,-0.073,0.299,0.308,1,Moderate PFZ
10/5/2026,18.0833,90.3333,30.012,0.0015,-0.057,0.307,0.313,1,Moderate PFZ
10/5/2026,18.0833,90.4167,30.007,0.0017,-0.039,0.295,0.298,1,Moderate PFZ
10/5/2026,18.0833,90.5,30.015,0.003,-0.023,0.269,0.27,1,Moderate PFZ
10/5/2026,18.0833,90.5833,30.052,0.0034,-0.017,0.229,0.229,0,No PFZ
10/5/2026,18.0833,90.6667,30.089,0.0018,-0.024,0.165,0.166,0,No PFZ
10/5/2026,18.0833,90.75,30.074,0.0007,-0.023,0.073,0.076,0,No PFZ
10/5/2026,18.0833,90.8333,30.068,0.0023,-0.019,0.005,0.02,0,No PFZ
10/5/2026,18.0833,90.9167,30.055,0.0048,-0.039,0.028,0.049,0,No PFZ
10/5/2026,18.0833,91,29.96,0.0044,-0.056,0.043,0.071,0,No PFZ
10/5/2026,18.0833,91.0833,29.936,0.0008,-0.043,-0.01,0.044,0,No PFZ
10/5/2026,18.0833,91.1667,29.986,0.0019,-0.028,-0.071,0.076,0,No PFZ
10/5/2026,18.0833,91.25,29.997,0.001,-0.026,-0.115,0.118,0,No PFZ
10/5/2026,18.0833,91.3333,29.985,0.001,-0.017,-0.157,0.158,0,No PFZ
10/5/2026,18.0833,91.4167,29.998,0.0012,-0.003,-0.195,0.195,0,No PFZ
10/5/2026,18.0833,91.5,30.014,0.0013,0.005,-0.224,0.224,0,No PFZ
10/5/2026,18.0833,91.5833,30.009,0.0015,0.008,-0.247,0.247,0,No PFZ
10/5/2026,18.0833,91.6667,30.007,0.0012,0.009,-0.264,0.264,0,No PFZ
10/5/2026,18.0833,91.75,30.02,0.0007,0.005,-0.275,0.275,0,No PFZ
10/5/2026,18.0833,91.8333,30.03,0.0004,-0.004,-0.281,0.281,0,No PFZ
10/5/2026,18.0833,91.9167,30.026,0.0013,-0.015,-0.276,0.276,0,No PFZ
10/5/2026,18.0833,92,30.006,0.002,-0.029,-0.275,0.277,0,No PFZ
10/5/2026,18.0833,92.0833,29.987,0.002,-0.047,-0.283,0.286,0,No PFZ
10/5/2026,18.0833,92.1667,29.974,0.002,-0.053,-0.276,0.281,0,No PFZ
10/5/2026,18.0833,92.25,29.961,0.0025,-0.032,-0.224,0.227,0,No PFZ
10/5/2026,18.0833,92.3333,29.933,0.003,0.004,-0.163,0.163,0,No PFZ
10/5/2026,18.0833,92.4167,29.909,0.0027,0.033,-0.138,0.142,0,No PFZ
10/5/2026,18.0833,92.5,29.897,0.0019,0.05,-0.132,0.141,0,No PFZ
10/5/2026,18.0833,92.5833,29.888,0.0013,0.061,-0.134,0.147,0,No PFZ
10/5/2026,18.0833,92.6667,29.887,0.002,0.068,-0.126,0.144,0,No PFZ
10/5/2026,18.0833,92.75,29.871,0.0037,0.08,-0.094,0.123,0,No PFZ
10/5/2026,18.0833,92.8333,29.832,0.0047,0.094,-0.066,0.115,0,No PFZ
10/5/2026,18.0833,92.9167,29.802,0.0042,0.093,-0.07,0.117,0,No PFZ
10/5/2026,18.0833,93,29.788,0.0036,0.076,-0.089,0.118,0,No PFZ
10/5/2026,18.0833,93.0833,29.76,0.004,0.053,-0.083,0.098,0,No PFZ
10/5/2026,18.1667,87.8333,30.009,0.0014,-0.047,0.059,0.076,0,No PFZ
10/5/2026,18.1667,87.9167,29.972,0.0002,-0.043,0.03,0.052,0,No PFZ
10/5/2026,18.1667,88,29.979,0.0024,-0.049,-0.014,0.051,0,No PFZ
10/5/2026,18.1667,88.0833,30.019,0.0038,-0.063,-0.04,0.075,0,No PFZ
10/5/2026,18.1667,88.1667,30.045,0.0039,-0.079,-0.061,0.1,0,No PFZ
10/5/2026,18.1667,88.25,30.059,0.0033,-0.093,-0.076,0.12,0,No PFZ
10/5/2026,18.1667,88.3333,30.07,0.0024,-0.106,-0.091,0.14,0,No PFZ
10/5/2026,18.1667,88.4167,30.074,0.0014,-0.119,-0.115,0.165,0,No PFZ
10/5/2026,18.1667,88.5,30.073,0.0004,-0.136,-0.142,0.196,0,No PFZ
10/5/2026,18.1667,88.5833,30.069,0.0012,-0.152,-0.164,0.224,0,No PFZ
10/5/2026,18.1667,88.6667,30.057,0.002,-0.159,-0.172,0.234,0,No PFZ
10/5/2026,18.1667,88.75,30.032,0.0019,-0.151,-0.163,0.222,0,No PFZ
10/5/2026,18.1667,88.8333,30.019,0.0009,-0.13,-0.128,0.183,0,No PFZ
10/5/2026,18.1667,88.9167,30.014,0.0007,-0.11,-0.076,0.134,0,No PFZ
10/5/2026,18.1667,89,30.024,0.0018,-0.097,-0.039,0.105,0,No PFZ
10/5/2026,18.1667,89.0833,30.043,0.002,-0.088,-0.018,0.09,0,No PFZ
10/5/2026,18.1667,89.1667,30.056,0.0016,-0.078,0.003,0.078,0,No PFZ
10/5/2026,18.1667,89.25,30.064,0.001,-0.071,0.02,0.074,0,No PFZ
10/5/2026,18.1667,89.3333,30.055,0.0007,-0.074,0.023,0.077,0,No PFZ
10/5/2026,18.1667,89.4167,30.059,0.0011,-0.086,0.015,0.088,0,No PFZ
10/5/2026,18.1667,89.5,30.07,0.0016,-0.101,0.012,0.101,0,No PFZ
10/5/2026,18.1667,89.5833,30.084,0.0017,-0.106,0.033,0.111,0,No PFZ
10/5/2026,18.1667,89.6667,30.095,0.0012,-0.101,0.081,0.129,0,No PFZ
10/5/2026,18.1667,89.75,30.103,0.0003,-0.091,0.135,0.163,0,No PFZ
10/5/2026,18.1667,89.8333,30.091,0.0011,-0.084,0.167,0.187,0,No PFZ
10/5/2026,18.1667,89.9167,30.078,0.0011,-0.082,0.174,0.192,0,No PFZ
10/5/2026,18.1667,90,30.07,0.0009,-0.078,0.18,0.196,0,No PFZ
10/5/2026,18.1667,90.0833,30.067,0.0015,-0.068,0.206,0.217,0,No PFZ
10/5/2026,18.1667,90.1667,30.049,0.0024,-0.052,0.247,0.252,0,No PFZ
10/5/2026,18.1667,90.25,30.03,0.0025,-0.032,0.278,0.28,1,Moderate PFZ
10/5/2026,18.1667,90.3333,30.018,0.0021,-0.011,0.286,0.286,1,Moderate PFZ
10/5/2026,18.1667,90.4167,30.018,0.0025,0.008,0.273,0.273,1,Moderate PFZ
10/5/2026,18.1667,90.5,30.043,0.0032,0.018,0.248,0.249,0,No PFZ
10/5/2026,18.1667,90.5833,30.079,0.0024,0.014,0.21,0.21,0,No PFZ
10/5/2026,18.1667,90.6667,30.09,0.0007,0.001,0.143,0.143,0,No PFZ
10/5/2026,18.1667,90.75,30.063,0.0008,0.001,0.051,0.051,0,No PFZ
10/5/2026,18.1667,90.8333,30.091,0.003,-0.006,0.018,0.019,0,No PFZ
10/5/2026,18.1667,90.9167,30.038,0.0054,-0.034,0.06,0.069,0,No PFZ
10/5/2026,18.1667,91,29.944,0.0034,-0.041,0.047,0.063,0,No PFZ
10/5/2026,18.1667,91.0833,29.962,0.0007,-0.026,-0.016,0.031,0,No PFZ
10/5/2026,18.1667,91.1667,29.999,0.0007,-0.02,-0.076,0.079,0,No PFZ
10/5/2026,18.1667,91.25,29.969,0.0009,-0.014,-0.125,0.126,0,No PFZ
10/5/2026,18.1667,91.3333,29.977,0.001,0,-0.173,0.173,0,No PFZ
10/5/2026,18.1667,91.4167,29.996,0.0011,0.01,-0.21,0.21,0,No PFZ
10/5/2026,18.1667,91.5,29.99,0.0012,0.017,-0.239,0.239,0,No PFZ
10/5/2026,18.1667,91.5833,29.987,0.0013,0.021,-0.258,0.259,0,No PFZ
10/5/2026,18.1667,91.6667,30.004,0.0015,0.021,-0.268,0.269,0,No PFZ
10/5/2026,18.1667,91.75,30.026,0.0013,0.013,-0.276,0.276,0,No PFZ
10/5/2026,18.1667,91.8333,30.036,0.0006,-0.001,-0.279,0.279,0,No PFZ
10/5/2026,18.1667,91.9167,30.036,0.001,-0.012,-0.269,0.269,0,No PFZ
10/5/2026,18.1667,92,30.022,0.0019,-0.023,-0.256,0.257,0,No PFZ
10/5/2026,18.1667,92.0833,29.999,0.0022,-0.038,-0.26,0.263,0,No PFZ
10/5/2026,18.1667,92.1667,29.979,0.002,-0.052,-0.272,0.277,0,No PFZ
10/5/2026,18.1667,92.25,29.97,0.002,-0.051,-0.259,0.264,0,No PFZ
10/5/2026,18.1667,92.3333,29.959,0.0026,-0.028,-0.204,0.206,0,No PFZ
10/5/2026,18.1667,92.4167,29.936,0.003,0.006,-0.16,0.16,0,No PFZ
10/5/2026,18.1667,92.5,29.912,0.0027,0.038,-0.141,0.146,0,No PFZ
10/5/2026,18.1667,92.5833,29.887,0.0017,0.06,-0.141,0.153,0,No PFZ
10/5/2026,18.1667,92.6667,29.883,0.0012,0.072,-0.149,0.165,0,No PFZ
10/5/2026,18.1667,92.75,29.894,0.0025,0.08,-0.133,0.155,0,No PFZ
10/5/2026,18.1667,92.8333,29.87,0.0045,0.093,-0.089,0.129,0,No PFZ
10/5/2026,18.1667,92.9167,29.824,0.0047,0.106,-0.059,0.121,0,No PFZ
10/5/2026,18.1667,93,29.779,0.003,0.104,-0.068,0.124,0,No PFZ
10/5/2026,18.1667,93.0833,29.786,0.0019,0.087,-0.081,0.119,0,No PFZ
10/5/2026,18.25,87.8333,30.047,0.0015,-0.044,0.03,0.053,0,No PFZ
10/5/2026,18.25,87.9167,30.024,0.0019,-0.011,0.043,0.044,0,No PFZ
10/5/2026,18.25,88,29.978,0.0014,-0.004,0.022,0.023,0,No PFZ
10/5/2026,18.25,88.0833,29.971,0.0002,-0.009,-0.009,0.013,0,No PFZ
10/5/2026,18.25,88.1667,29.98,0.0016,-0.022,-0.035,0.041,0,No PFZ
10/5/2026,18.25,88.25,30.007,0.0025,-0.04,-0.053,0.066,0,No PFZ
10/5/2026,18.25,88.3333,30.032,0.003,-0.059,-0.067,0.089,0,No PFZ
10/5/2026,18.25,88.4167,30.052,0.0029,-0.076,-0.085,0.114,0,No PFZ
10/5/2026,18.25,88.5,30.064,0.002,-0.093,-0.111,0.145,0,No PFZ
10/5/2026,18.25,88.5833,30.069,0.0007,-0.113,-0.143,0.182,0,No PFZ
10/5/2026,18.25,88.6667,30.064,0.0009,-0.13,-0.168,0.213,0,No PFZ
10/5/2026,18.25,88.75,30.052,0.0019,-0.136,-0.176,0.223,0,No PFZ
10/5/2026,18.25,88.8333,30.035,0.002,-0.127,-0.161,0.204,0,No PFZ
10/5/2026,18.25,88.9167,30.019,0.001,-0.105,-0.115,0.156,0,No PFZ
10/5/2026,18.25,89,30.018,0.0006,-0.087,-0.059,0.105,0,No PFZ
10/5/2026,18.25,89.0833,30.026,0.0017,-0.081,-0.033,0.088,0,No PFZ
10/5/2026,18.25,89.1667,30.043,0.0019,-0.077,-0.017,0.079,0,No PFZ
10/5/2026,18.25,89.25,30.056,0.0015,-0.069,0.004,0.069,0,No PFZ
10/5/2026,18.25,89.3333,30.055,0.0007,-0.061,0.021,0.065,0,No PFZ
10/5/2026,18.25,89.4167,30.053,0.0006,-0.064,0.024,0.068,0,No PFZ
10/5/2026,18.25,89.5,30.062,0.001,-0.076,0.019,0.078,0,No PFZ
10/5/2026,18.25,89.5833,30.071,0.0014,-0.088,0.026,0.092,0,No PFZ
10/5/2026,18.25,89.6667,30.081,0.0015,-0.092,0.059,0.11,0,No PFZ
10/5/2026,18.25,89.75,30.095,0.0008,-0.087,0.112,0.142,0,No PFZ
10/5/2026,18.25,89.8333,30.096,0.0006,-0.079,0.156,0.175,0,No PFZ
10/5/2026,18.25,89.9167,30.083,0.0009,-0.07,0.173,0.187,0,No PFZ
10/5/2026,18.25,90,30.074,0.0004,-0.059,0.177,0.187,0,No PFZ
10/5/2026,18.25,90.0833,30.083,0.0005,-0.045,0.193,0.198,0,No PFZ
10/5/2026,18.25,90.1667,30.08,0.0018,-0.026,0.226,0.228,0,No PFZ
10/5/2026,18.25,90.25,30.058,0.0027,-0.003,0.257,0.257,0,No PFZ
10/5/2026,18.25,90.3333,30.043,0.0026,0.02,0.267,0.268,0,No PFZ
10/5/2026,18.25,90.4167,30.051,0.0027,0.036,0.256,0.259,0,No PFZ
10/5/2026,18.25,90.5,30.075,0.0023,0.039,0.232,0.235,0,No PFZ
10/5/2026,18.25,90.5833,30.093,0.001,0.027,0.192,0.194,0,No PFZ
10/5/2026,18.25,90.6667,30.076,0.0002,0.018,0.118,0.119,0,No PFZ
10/5/2026,18.25,90.75,30.082,0.001,0.021,0.038,0.043,0,No PFZ
10/5/2026,18.25,90.8333,30.094,0.004,0.004,0.044,0.044,0,No PFZ
10/5/2026,18.25,90.9167,30.009,0.0056,-0.023,0.084,0.087,0,No PFZ
10/5/2026,18.25,91,29.935,0.0024,-0.022,0.045,0.05,0,No PFZ
10/5/2026,18.25,91.0833,29.983,0.0004,-0.01,-0.02,0.022,0,No PFZ
10/5/2026,18.25,91.1667,29.979,0.0007,-0.008,-0.078,0.078,0,No PFZ
10/5/2026,18.25,91.25,29.959,0.0008,0.001,-0.135,0.135,0,No PFZ
10/5/2026,18.25,91.3333,29.982,0.0008,0.013,-0.186,0.186,0,No PFZ
10/5/2026,18.25,91.4167,29.983,0.0008,0.021,-0.225,0.226,0,No PFZ
10/5/2026,18.25,91.5,29.977,0.0008,0.027,-0.253,0.255,0,No PFZ
10/5/2026,18.25,91.5833,29.989,0.0014,0.03,-0.268,0.27,0,No PFZ
10/5/2026,18.25,91.6667,30.011,0.0019,0.027,-0.273,0.274,0,No PFZ
10/5/2026,18.25,91.75,30.028,0.0014,0.016,-0.276,0.276,0,No PFZ
10/5/2026,18.25,91.8333,30.034,0.0006,0,-0.278,0.278,0,No PFZ
10/5/2026,18.25,91.9167,30.037,0.0006,-0.014,-0.269,0.27,0,No PFZ
10/5/2026,18.25,92,30.031,0.0015,-0.023,-0.248,0.249,0,No PFZ
10/5/2026,18.25,92.0833,30.013,0.002,-0.032,-0.24,0.242,0,No PFZ
10/5/2026,18.25,92.1667,29.991,0.0019,-0.045,-0.254,0.258,0,No PFZ
10/5/2026,18.25,92.25,29.977,0.0017,-0.056,-0.263,0.269,0,No PFZ
10/5/2026,18.25,92.3333,29.976,0.002,-0.053,-0.241,0.247,0,No PFZ
10/5/2026,18.25,92.4167,29.957,0.0028,-0.03,-0.202,0.204,0,No PFZ
10/5/2026,18.25,92.5,29.927,0.003,0.009,-0.172,0.172,0,No PFZ
10/5/2026,18.25,92.5833,29.897,0.0023,0.044,-0.156,0.162,0,No PFZ
10/5/2026,18.25,92.6667,29.886,0.0013,0.064,-0.161,0.173,0,No PFZ
10/5/2026,18.25,92.75,29.91,0.0016,0.077,-0.164,0.181,0,No PFZ
10/5/2026,18.25,92.8333,29.913,0.0038,0.089,-0.134,0.161,0,No PFZ
10/5/2026,18.25,92.9167,29.855,0.0056,0.099,-0.078,0.126,0,No PFZ
10/5/2026,18.25,93,29.781,0.0043,0.098,-0.054,0.112,0,No PFZ
10/5/2026,18.25,93.0833,29.765,0.003,0.087,-0.075,0.115,0,No PFZ
10/5/2026,18.3333,87.8333,30.019,0.0002,-0.122,-0.054,0.133,0,No PFZ
10/5/2026,18.3333,87.9167,30.046,0.0006,-0.049,-0.013,0.051,0,No PFZ
10/5/2026,18.3333,88,30.06,0.0014,0.004,0.007,0.008,0,No PFZ
10/5/2026,18.3333,88.0833,30.038,0.0017,0.031,0.005,0.031,0,No PFZ
10/5/2026,18.3333,88.1667,30.005,0.0013,0.035,-0.006,0.035,0,No PFZ
10/5/2026,18.3333,88.25,29.992,0.0005,0.023,-0.019,0.03,0,No PFZ
10/5/2026,18.3333,88.3333,29.989,0.0007,0.003,-0.033,0.033,0,No PFZ
10/5/2026,18.3333,88.4167,30.003,0.002,-0.019,-0.051,0.054,0,No PFZ
10/5/2026,18.3333,88.5,30.035,0.0027,-0.04,-0.072,0.082,0,No PFZ
10/5/2026,18.3333,88.5833,30.059,0.0023,-0.061,-0.103,0.12,0,No PFZ
10/5/2026,18.3333,88.6667,30.07,0.001,-0.084,-0.14,0.163,0,No PFZ
10/5/2026,18.3333,88.75,30.071,0.0007,-0.105,-0.166,0.197,0,No PFZ
10/5/2026,18.3333,88.8333,30.057,0.0021,-0.112,-0.171,0.204,0,No PFZ
10/5/2026,18.3333,88.9167,30.032,0.0022,-0.1,-0.147,0.178,0,No PFZ
10/5/2026,18.3333,89,30.01,0.001,-0.079,-0.09,0.12,0,No PFZ
10/5/2026,18.3333,89.0833,30.018,0.001,-0.065,-0.041,0.077,0,No PFZ
10/5/2026,18.3333,89.1667,30.024,0.0019,-0.064,-0.024,0.069,0,No PFZ
10/5/2026,18.3333,89.25,30.036,0.002,-0.064,-0.01,0.065,0,No PFZ
10/5/2026,18.3333,89.3333,30.055,0.0015,-0.058,0.012,0.059,0,No PFZ
10/5/2026,18.3333,89.4167,30.059,0.0007,-0.053,0.028,0.06,0,No PFZ
10/5/2026,18.3333,89.5,30.059,0.0005,-0.057,0.029,0.064,0,No PFZ
10/5/2026,18.3333,89.5833,30.064,0.001,-0.069,0.029,0.074,0,No PFZ
10/5/2026,18.3333,89.6667,30.071,0.0015,-0.078,0.047,0.091,0,No PFZ
10/5/2026,18.3333,89.75,30.086,0.0013,-0.081,0.091,0.122,0,No PFZ
10/5/2026,18.3333,89.8333,30.094,0.0007,-0.077,0.14,0.16,0,No PFZ
10/5/2026,18.3333,89.9167,30.078,0.0011,-0.07,0.163,0.178,0,No PFZ
10/5/2026,18.3333,90,30.058,0.0006,-0.059,0.162,0.172,0,No PFZ
10/5/2026,18.3333,90.0833,30.079,0.0009,-0.045,0.166,0.172,0,No PFZ
10/5/2026,18.3333,90.1667,30.097,0.0005,-0.026,0.193,0.195,0,No PFZ
10/5/2026,18.3333,90.25,30.094,0.0013,-0.003,0.228,0.228,0,No PFZ
10/5/2026,18.3333,90.3333,30.078,0.0018,0.019,0.245,0.246,0,No PFZ
10/5/2026,18.3333,90.4167,30.082,0.0015,0.031,0.239,0.242,0,No PFZ
10/5/2026,18.3333,90.5,30.091,0.0006,0.029,0.215,0.217,0,No PFZ
10/5/2026,18.3333,90.5833,30.086,0.0001,0.023,0.166,0.167,0,No PFZ
10/5/2026,18.3333,90.6667,30.067,0.0002,0.031,0.086,0.092,0,No PFZ
10/5/2026,18.3333,90.75,30.103,0.0015,0.034,0.035,0.049,0,No PFZ
10/5/2026,18.3333,90.8333,30.078,0.0051,0.008,0.074,0.075,0,No PFZ
10/5/2026,18.3333,90.9167,29.978,0.0051,-0.013,0.098,0.099,0,No PFZ
10/5/2026,18.3333,91,29.95,0.0015,-0.007,0.046,0.047,0,No PFZ
10/5/2026,18.3333,91.0833,29.996,0.0004,-0.003,-0.017,0.017,0,No PFZ
10/5/2026,18.3333,91.1667,29.95,0.0011,0.002,-0.078,0.078,0,No PFZ
10/5/2026,18.3333,91.25,29.967,0.0008,0.015,-0.139,0.14,0,No PFZ
10/5/2026,18.3333,91.3333,29.974,0.0009,0.024,-0.194,0.195,0,No PFZ
10/5/2026,18.3333,91.4167,29.975,0.0007,0.029,-0.239,0.241,0,No PFZ
10/5/2026,18.3333,91.5,29.98,0.001,0.033,-0.268,0.27,0,No PFZ
10/5/2026,18.3333,91.5833,29.992,0.0018,0.035,-0.279,0.281,0,No PFZ
10/5/2026,18.3333,91.6667,30.014,0.0021,0.031,-0.279,0.281,0,No PFZ
10/5/2026,18.3333,91.75,30.034,0.0016,0.02,-0.275,0.276,0,No PFZ
10/5/2026,18.3333,91.8333,30.039,0.0008,0.001,-0.274,0.274,0,No PFZ
10/5/2026,18.3333,91.9167,30.036,0.0008,-0.017,-0.268,0.268,0,No PFZ
10/5/2026,18.3333,92,30.029,0.0013,-0.025,-0.249,0.251,0,No PFZ
10/5/2026,18.3333,92.0833,30.017,0.0016,-0.027,-0.231,0.233,0,No PFZ
10/5/2026,18.3333,92.1667,29.999,0.0016,-0.033,-0.234,0.237,0,No PFZ
10/5/2026,18.3333,92.25,29.986,0.0015,-0.045,-0.248,0.252,0,No PFZ
10/5/2026,18.3333,92.3333,29.979,0.0017,-0.056,-0.254,0.26,0,No PFZ
10/5/2026,18.3333,92.4167,29.964,0.0022,-0.051,-0.243,0.249,0,No PFZ
10/5/2026,18.3333,92.5,29.942,0.0027,-0.021,-0.219,0.22,0,No PFZ
10/5/2026,18.3333,92.5833,29.922,0.0027,0.016,-0.186,0.187,0,No PFZ
10/5/2026,18.3333,92.6667,29.902,0.0018,0.047,-0.175,0.181,0,No PFZ
10/5/2026,18.3333,92.75,29.913,0.0012,0.071,-0.181,0.195,0,No PFZ
10/5/2026,18.3333,92.8333,29.932,0.0035,0.077,-0.172,0.189,0,No PFZ
10/5/2026,18.3333,92.9167,29.868,0.0063,0.067,-0.102,0.122,0,No PFZ
10/5/2026,18.3333,93,29.788,0.0055,0.05,-0.047,0.069,0,No PFZ
10/5/2026,18.3333,93.0833,29.744,0.004,0.042,-0.063,0.076,0,No PFZ
10/5/2026,18.4167,87.8333,30.014,0.0013,-0.236,-0.144,0.276,0,No PFZ
10/5/2026,18.4167,87.9167,30.006,0.0007,-0.176,-0.112,0.209,0,No PFZ
10/5/2026,18.4167,88,30.023,0.0005,-0.107,-0.082,0.135,0,No PFZ
10/5/2026,18.4167,88.0833,30.043,0.0004,-0.041,-0.056,0.069,0,No PFZ
10/5/2026,18.4167,88.1667,30.051,0.0006,0.012,-0.036,0.038,0,No PFZ
10/5/2026,18.4167,88.25,30.05,0.0008,0.044,-0.022,0.049,0,No PFZ
10/5/2026,18.4167,88.3333,30.029,0.0009,0.053,-0.015,0.055,0,No PFZ
10/5/2026,18.4167,88.4167,29.998,0.0004,0.042,-0.016,0.045,0,No PFZ
10/5/2026,18.4167,88.5,29.994,0.001,0.021,-0.03,0.036,0,No PFZ
10/5/2026,18.4167,88.5833,30.022,0.0022,-0.003,-0.055,0.055,0,No PFZ
10/5/2026,18.4167,88.6667,30.051,0.0023,-0.028,-0.093,0.097,0,No PFZ
10/5/2026,18.4167,88.75,30.071,0.0012,-0.059,-0.133,0.145,0,No PFZ
10/5/2026,18.4167,88.8333,30.078,0.0008,-0.085,-0.158,0.18,0,No PFZ
10/5/2026,18.4167,88.9167,30.056,0.0024,-0.092,-0.157,0.182,0,No PFZ
10/5/2026,18.4167,89,30.017,0.0023,-0.075,-0.124,0.146,0,No PFZ
10/5/2026,18.4167,89.0833,30.003,0.0009,-0.052,-0.061,0.08,0,No PFZ
10/5/2026,18.4167,89.1667,30.007,0.0013,-0.045,-0.024,0.051,0,No PFZ
10/5/2026,18.4167,89.25,30.015,0.0022,-0.05,-0.013,0.052,0,No PFZ
10/5/2026,18.4167,89.3333,30.043,0.0023,-0.053,0.002,0.053,0,No PFZ
10/5/2026,18.4167,89.4167,30.063,0.0015,-0.05,0.024,0.055,0,No PFZ
10/5/2026,18.4167,89.5,30.064,0.0006,-0.047,0.034,0.058,0,No PFZ
10/5/2026,18.4167,89.5833,30.056,0.0006,-0.052,0.033,0.062,0,No PFZ
10/5/2026,18.4167,89.6667,30.058,0.0011,-0.063,0.041,0.075,0,No PFZ
10/5/2026,18.4167,89.75,30.073,0.0015,-0.07,0.073,0.101,0,No PFZ
10/5/2026,18.4167,89.8333,30.084,0.001,-0.07,0.121,0.14,0,No PFZ
10/5/2026,18.4167,89.9167,30.075,0.0009,-0.067,0.156,0.17,0,No PFZ
10/5/2026,18.4167,90,30.051,0.0004,-0.063,0.158,0.17,0,No PFZ
10/5/2026,18.4167,90.0833,30.058,0.001,-0.061,0.145,0.158,0,No PFZ
10/5/2026,18.4167,90.1667,30.083,0.0013,-0.055,0.155,0.164,0,No PFZ
10/5/2026,18.4167,90.25,30.096,0.0006,-0.041,0.183,0.188,0,No PFZ
10/5/2026,18.4167,90.3333,30.093,0.0002,-0.022,0.208,0.21,0,No PFZ
10/5/2026,18.4167,90.4167,30.089,0.0003,-0.007,0.21,0.21,0,No PFZ
10/5/2026,18.4167,90.5,30.083,0.0005,0.005,0.186,0.186,0,No PFZ
10/5/2026,18.4167,90.5833,30.066,0.0003,0.025,0.13,0.133,0,No PFZ
10/5/2026,18.4167,90.6667,30.084,0.0002,0.047,0.063,0.079,0,No PFZ
10/5/2026,18.4167,90.75,30.103,0.0027,0.04,0.053,0.066,0,No PFZ
10/5/2026,18.4167,90.8333,30.046,0.0056,0.01,0.106,0.107,0,No PFZ
10/5/2026,18.4167,90.9167,29.956,0.0041,0,0.108,0.108,0,No PFZ
10/5/2026,18.4167,91,29.971,0.0012,0.008,0.052,0.052,0,No PFZ
10/5/2026,18.4167,91.0833,29.976,0.0012,0.011,-0.009,0.014,0,No PFZ
10/5/2026,18.4167,91.1667,29.944,0.0011,0.018,-0.074,0.077,0,No PFZ
10/5/2026,18.4167,91.25,29.959,0.001,0.029,-0.139,0.142,0,No PFZ
10/5/2026,18.4167,91.3333,29.963,0.0013,0.035,-0.199,0.202,0,No PFZ
10/5/2026,18.4167,91.4167,29.979,0.0013,0.038,-0.25,0.253,0,No PFZ
10/5/2026,18.4167,91.5,29.986,0.0016,0.04,-0.283,0.285,0,No PFZ
10/5/2026,18.4167,91.5833,29.995,0.0021,0.04,-0.294,0.296,0,No PFZ
10/5/2026,18.4167,91.6667,30.018,0.0024,0.038,-0.286,0.288,0,No PFZ
10/5/2026,18.4167,91.75,30.047,0.0017,0.027,-0.273,0.275,0,No PFZ
10/5/2026,18.4167,91.8333,30.055,0.0008,0.007,-0.265,0.265,0,No PFZ
10/5/2026,18.4167,91.9167,30.042,0.0012,-0.014,-0.26,0.261,0,No PFZ
10/5/2026,18.4167,92,30.027,0.0015,-0.024,-0.249,0.251,0,No PFZ
10/5/2026,18.4167,92.0833,30.014,0.0013,-0.021,-0.231,0.232,0,No PFZ
10/5/2026,18.4167,92.1667,30.004,0.0012,-0.018,-0.222,0.222,0,No PFZ
10/5/2026,18.4167,92.25,29.995,0.0013,-0.023,-0.228,0.229,0,No PFZ
10/5/2026,18.4167,92.3333,29.986,0.0016,-0.035,-0.244,0.247,0,No PFZ
10/5/2026,18.4167,92.4167,29.965,0.0018,-0.043,-0.259,0.262,0,No PFZ
10/5/2026,18.4167,92.5,29.956,0.0022,-0.032,-0.255,0.257,0,No PFZ
10/5/2026,18.4167,92.5833,29.954,0.0026,-0.007,-0.226,0.226,0,No PFZ
10/5/2026,18.4167,92.6667,29.923,0.0022,0.027,-0.201,0.203,0,No PFZ
10/5/2026,18.4167,92.75,29.921,0.0019,0.057,-0.2,0.208,0,No PFZ
10/5/2026,18.4167,92.8333,29.926,0.0048,0.051,-0.184,0.191,0,No PFZ
10/5/2026,18.4167,92.9167,29.839,0.0072,0.016,-0.091,0.093,0,No PFZ
10/5/2026,18.4167,93,29.757,0.0053,-0.015,-0.031,0.034,0,No PFZ
10/5/2026,18.4167,93.0833,29.735,0.0031,-0.016,-0.057,0.059,0,No PFZ
10/5/2026,18.5,87.8333,30.06,0.0025,-0.274,-0.187,0.331,0,No PFZ
10/5/2026,18.5,87.9167,30.032,0.0025,-0.251,-0.17,0.303,0,No PFZ
10/5/2026,18.5,88,30.021,0.0019,-0.218,-0.16,0.27,0,No PFZ
10/5/2026,18.5,88.0833,30.009,0.0012,-0.17,-0.141,0.221,0,No PFZ
10/5/2026,18.5,88.1667,30.009,0.0005,-0.113,-0.119,0.164,0,No PFZ
10/5/2026,18.5,88.25,30.019,0.0002,-0.052,-0.095,0.108,0,No PFZ
10/5/2026,18.5,88.3333,30.04,0.0001,0.007,-0.065,0.065,0,No PFZ
10/5/2026,18.5,88.4167,30.05,0.0003,0.051,-0.033,0.061,0,No PFZ
10/5/2026,18.5,88.5,30.029,0.0002,0.067,-0.013,0.069,0,No PFZ
10/5/2026,18.5,88.5833,30.006,0.0006,0.056,-0.012,0.057,0,No PFZ
10/5/2026,18.5,88.6667,30.02,0.0017,0.031,-0.036,0.048,0,No PFZ
10/5/2026,18.5,88.75,30.049,0.0021,-0.001,-0.079,0.079,0,No PFZ
10/5/2026,18.5,88.8333,30.068,0.001,-0.04,-0.124,0.13,0,No PFZ
10/5/2026,18.5,88.9167,30.07,0.0014,-0.07,-0.147,0.163,0,No PFZ
10/5/2026,18.5,89,30.043,0.0027,-0.074,-0.139,0.158,0,No PFZ
10/5/2026,18.5,89.0833,29.997,0.002,-0.053,-0.094,0.108,0,No PFZ
10/5/2026,18.5,89.1667,29.999,0.0006,-0.031,-0.034,0.046,0,No PFZ
10/5/2026,18.5,89.25,30.004,0.0016,-0.03,-0.009,0.032,0,No PFZ
10/5/2026,18.5,89.3333,30.016,0.0025,-0.038,0,0.038,0,No PFZ
10/5/2026,18.5,89.4167,30.048,0.0024,-0.04,0.016,0.043,0,No PFZ
10/5/2026,18.5,89.5,30.061,0.0013,-0.036,0.034,0.05,0,No PFZ
10/5/2026,18.5,89.5833,30.054,0.0004,-0.036,0.039,0.053,0,No PFZ
10/5/2026,18.5,89.6667,30.05,0.0005,-0.044,0.041,0.061,0,No PFZ
10/5/2026,18.5,89.75,30.056,0.0011,-0.054,0.06,0.08,0,No PFZ
10/5/2026,18.5,89.8333,30.07,0.0012,-0.056,0.101,0.116,0,No PFZ
10/5/2026,18.5,89.9167,30.078,0.0004,-0.054,0.148,0.157,0,No PFZ
10/5/2026,18.5,90,30.064,0.0005,-0.053,0.168,0.176,0,No PFZ
10/5/2026,18.5,90.0833,30.057,0,-0.056,0.156,0.165,0,No PFZ
10/5/2026,18.5,90.1667,30.059,0.0009,-0.061,0.145,0.157,0,No PFZ
10/5/2026,18.5,90.25,30.07,0.0012,-0.059,0.154,0.165,0,No PFZ
10/5/2026,18.5,90.3333,30.068,0.001,-0.045,0.172,0.178,0,No PFZ
10/5/2026,18.5,90.4167,30.07,0.0007,-0.021,0.174,0.176,0,No PFZ
10/5/2026,18.5,90.5,30.066,0.0004,0.012,0.151,0.151,0,No PFZ
10/5/2026,18.5,90.5833,30.069,0.0007,0.049,0.102,0.113,0,No PFZ
10/5/2026,18.5,90.6667,30.096,0.0005,0.065,0.061,0.089,0,No PFZ
10/5/2026,18.5,90.75,30.085,0.0039,0.046,0.085,0.097,0,No PFZ
10/5/2026,18.5,90.8333,30.016,0.0055,0.022,0.132,0.134,0,No PFZ
10/5/2026,18.5,90.9167,29.956,0.0032,0.022,0.114,0.116,0,No PFZ
10/5/2026,18.5,91,29.978,0.0014,0.029,0.058,0.065,0,No PFZ
10/5/2026,18.5,91.0833,29.948,0.0014,0.033,-0.002,0.033,0,No PFZ
10/5/2026,18.5,91.1667,29.939,0.0008,0.04,-0.069,0.079,0,No PFZ
10/5/2026,18.5,91.25,29.944,0.0012,0.046,-0.135,0.143,0,No PFZ
10/5/2026,18.5,91.3333,29.964,0.0019,0.049,-0.201,0.206,0,No PFZ
10/5/2026,18.5,91.4167,29.987,0.002,0.051,-0.257,0.261,0,No PFZ
10/5/2026,18.5,91.5,29.999,0.002,0.051,-0.294,0.299,0,No PFZ
10/5/2026,18.5,91.5833,30.012,0.0021,0.05,-0.308,0.312,1,Moderate PFZ
10/5/2026,18.5,91.6667,30.03,0.0021,0.048,-0.296,0.299,0,No PFZ
10/5/2026,18.5,91.75,30.056,0.0014,0.038,-0.273,0.276,0,No PFZ
10/5/2026,18.5,91.8333,30.064,0.0005,0.018,-0.255,0.256,0,No PFZ
10/5/2026,18.5,91.9167,30.048,0.0016,-0.007,-0.248,0.248,0,No PFZ
10/5/2026,18.5,92,30.023,0.0017,-0.021,-0.244,0.245,0,No PFZ
10/5/2026,18.5,92.0833,30.011,0.0011,-0.02,-0.233,0.234,0,No PFZ
10/5/2026,18.5,92.1667,30.007,0.0008,-0.01,-0.218,0.219,0,No PFZ
10/5/2026,18.5,92.25,30.001,0.001,-0.004,-0.214,0.214,0,No PFZ
10/5/2026,18.5,92.3333,29.992,0.0013,-0.006,-0.226,0.226,0,No PFZ
10/5/2026,18.5,92.4167,29.98,0.0017,-0.013,-0.247,0.247,0,No PFZ
10/5/2026,18.5,92.5,29.97,0.002,-0.018,-0.262,0.262,0,No PFZ
10/5/2026,18.5,92.5833,29.968,0.0023,-0.011,-0.254,0.254,0,No PFZ
10/5/2026,18.5,92.6667,29.941,0.0026,0.013,-0.23,0.23,1,Moderate PFZ
10/5/2026,18.5,92.75,29.929,0.0033,0.037,-0.225,0.228,1,Moderate PFZ
10/5/2026,18.5,92.8333,29.905,0.0062,0.022,-0.169,0.171,1,Moderate PFZ
10/5/2026,18.5,92.9167,29.8,0.0072,-0.025,-0.048,0.054,0,No PFZ
10/5/2026,18.5,93,29.735,0.0037,-0.054,-0.011,0.055,0,No PFZ
10/5/2026,18.5,93.0833,29.751,0.0018,-0.051,-0.054,0.074,0,No PFZ
10/5/2026,18.5833,87.8333,30.094,0.0007,-0.254,-0.219,0.336,1,Moderate PFZ
10/5/2026,18.5833,87.9167,30.081,0.0013,-0.238,-0.195,0.308,1,Moderate PFZ
10/5/2026,18.5833,88,30.065,0.0028,-0.218,-0.189,0.289,1,Moderate PFZ
10/5/2026,18.5833,88.0833,30.051,0.0034,-0.196,-0.182,0.267,0,No PFZ
10/5/2026,18.5833,88.1667,30.026,0.003,-0.171,-0.172,0.243,0,No PFZ
10/5/2026,18.5833,88.25,29.999,0.0018,-0.139,-0.163,0.214,0,No PFZ
10/5/2026,18.5833,88.3333,30.002,0.0005,-0.094,-0.144,0.172,0,No PFZ
10/5/2026,18.5833,88.4167,30.007,0.0003,-0.035,-0.112,0.118,0,No PFZ
10/5/2026,18.5833,88.5,30.028,0.0006,0.028,-0.07,0.075,0,No PFZ
10/5/2026,18.5833,88.5833,30.05,0.0005,0.073,-0.026,0.077,0,No PFZ
10/5/2026,18.5833,88.6667,30.023,0.0007,0.08,-0.002,0.08,0,No PFZ
10/5/2026,18.5833,88.75,30.019,0.0013,0.058,-0.018,0.061,0,No PFZ
10/5/2026,18.5833,88.8333,30.05,0.0015,0.02,-0.065,0.069,0,No PFZ
10/5/2026,18.5833,88.9167,30.067,0.0007,-0.025,-0.113,0.116,0,No PFZ
10/5/2026,18.5833,89,30.055,0.0021,-0.057,-0.134,0.146,0,No PFZ
10/5/2026,18.5833,89.0833,30.017,0.0026,-0.057,-0.12,0.133,0,No PFZ
10/5/2026,18.5833,89.1667,29.986,0.0012,-0.03,-0.067,0.073,0,No PFZ
10/5/2026,18.5833,89.25,30.002,0.0008,-0.014,-0.012,0.019,0,No PFZ
10/5/2026,18.5833,89.3333,29.997,0.002,-0.017,0.005,0.017,0,No PFZ
10/5/2026,18.5833,89.4167,30.023,0.0027,-0.022,0.014,0.026,0,No PFZ
10/5/2026,18.5833,89.5,30.047,0.0022,-0.023,0.03,0.038,0,No PFZ
10/5/2026,18.5833,89.5833,30.058,0.001,-0.021,0.043,0.048,0,No PFZ
10/5/2026,18.5833,89.6667,30.055,0.0002,-0.025,0.048,0.054,0,No PFZ
10/5/2026,18.5833,89.75,30.051,0.0004,-0.035,0.056,0.066,0,No PFZ
10/5/2026,18.5833,89.8333,30.054,0.001,-0.041,0.082,0.091,0,No PFZ
10/5/2026,18.5833,89.9167,30.069,0.001,-0.037,0.128,0.134,0,No PFZ
10/5/2026,18.5833,90,30.079,0.0003,-0.031,0.168,0.171,0,No PFZ
10/5/2026,18.5833,90.0833,30.071,0.0003,-0.027,0.178,0.18,0,No PFZ
10/5/2026,18.5833,90.1667,30.061,0.0003,-0.025,0.167,0.169,0,No PFZ
10/5/2026,18.5833,90.25,30.06,0.0005,-0.021,0.16,0.161,0,No PFZ
10/5/2026,18.5833,90.3333,30.059,0.0006,-0.008,0.159,0.159,0,No PFZ
10/5/2026,18.5833,90.4167,30.066,0.0006,0.017,0.151,0.152,0,No PFZ
10/5/2026,18.5833,90.5,30.075,0.0008,0.051,0.125,0.135,0,No PFZ
10/5/2026,18.5833,90.5833,30.087,0.0005,0.078,0.088,0.117,0,No PFZ
10/5/2026,18.5833,90.6667,30.097,0.0016,0.078,0.076,0.109,0,No PFZ
10/5/2026,18.5833,90.75,30.069,0.0046,0.056,0.114,0.127,0,No PFZ
10/5/2026,18.5833,90.8333,29.994,0.005,0.042,0.144,0.15,0,No PFZ
10/5/2026,18.5833,90.9167,29.959,0.0026,0.05,0.113,0.123,0,No PFZ
10/5/2026,18.5833,91,29.971,0.0014,0.057,0.063,0.085,0,No PFZ
10/5/2026,18.5833,91.0833,29.939,0.0012,0.059,0.006,0.059,0,No PFZ
10/5/2026,18.5833,91.1667,29.938,0.0003,0.063,-0.06,0.087,0,No PFZ
10/5/2026,18.5833,91.25,29.944,0.0014,0.066,-0.127,0.143,0,No PFZ
10/5/2026,18.5833,91.3333,29.966,0.0024,0.069,-0.195,0.206,0,No PFZ
10/5/2026,18.5833,91.4167,29.994,0.0026,0.071,-0.255,0.265,0,No PFZ
10/5/2026,18.5833,91.5,30.017,0.0022,0.069,-0.3,0.308,1,Moderate PFZ
10/5/2026,18.5833,91.5833,30.03,0.0017,0.065,-0.32,0.327,0,No PFZ
10/5/2026,18.5833,91.6667,30.037,0.0015,0.061,-0.307,0.313,0,No PFZ
10/5/2026,18.5833,91.75,30.053,0.0011,0.052,-0.275,0.28,0,No PFZ
10/5/2026,18.5833,91.8333,30.061,0.0004,0.032,-0.247,0.249,0,No PFZ
10/5/2026,18.5833,91.9167,30.047,0.0018,0.004,-0.234,0.234,0,No PFZ
10/5/2026,18.5833,92,30.021,0.0019,-0.019,-0.235,0.235,0,No PFZ
10/5/2026,18.5833,92.0833,30.007,0.001,-0.025,-0.234,0.236,0,No PFZ
10/5/2026,18.5833,92.1667,30.013,0.0005,-0.014,-0.224,0.224,0,No PFZ
10/5/2026,18.5833,92.25,30.007,0.0006,0.004,-0.213,0.213,0,No PFZ
10/5/2026,18.5833,92.3333,29.999,0.0007,0.017,-0.215,0.215,0,No PFZ
10/5/2026,18.5833,92.4167,29.994,0.0013,0.019,-0.229,0.23,0,No PFZ
10/5/2026,18.5833,92.5,29.99,0.0018,0.011,-0.249,0.249,0,No PFZ
10/5/2026,18.5833,92.5833,29.977,0.0022,0.007,-0.257,0.257,0,No PFZ
10/5/2026,18.5833,92.6667,29.96,0.003,0.015,-0.246,0.246,1,Moderate PFZ
10/5/2026,18.5833,92.75,29.936,0.0044,0.026,-0.241,0.243,1,Moderate PFZ
10/5/2026,18.5833,92.8333,29.901,0.007,0.005,-0.139,0.139,1,Moderate PFZ
10/5/2026,18.5833,92.9167,29.791,0.0066,-0.039,-0.002,0.039,0,No PFZ
10/5/2026,18.5833,93,29.725,0.0023,-0.062,0,0.062,0,No PFZ
10/5/2026,18.5833,93.0833,29.787,0.0031,-0.064,-0.053,0.083,0,No PFZ
10/5/2026,18.6667,87.8333,30.042,0.0054,-0.233,-0.262,0.351,1,Moderate PFZ
10/5/2026,18.6667,87.9167,30.102,0.0035,-0.22,-0.234,0.322,1,Moderate PFZ
10/5/2026,18.6667,88,30.098,0.0012,-0.196,-0.213,0.289,1,Moderate PFZ
10/5/2026,18.6667,88.0833,30.099,0.0025,-0.169,-0.2,0.262,1,Moderate PFZ
10/5/2026,18.6667,88.1667,30.082,0.0038,-0.148,-0.189,0.24,1,Moderate PFZ
10/5/2026,18.6667,88.25,30.048,0.0038,-0.13,-0.185,0.226,0,No PFZ
10/5/2026,18.6667,88.3333,30.028,0.0027,-0.113,-0.181,0.213,0,No PFZ
10/5/2026,18.6667,88.4167,30.006,0.0015,-0.089,-0.169,0.191,0,No PFZ
10/5/2026,18.6667,88.5,29.995,0.0002,-0.05,-0.145,0.153,0,No PFZ
10/5/2026,18.6667,88.5833,30.003,0.0009,0.01,-0.103,0.104,0,No PFZ
10/5/2026,18.6667,88.6667,30.046,0.0012,0.071,-0.043,0.083,0,No PFZ
10/5/2026,18.6667,88.75,30.041,0.0009,0.098,0.004,0.098,0,No PFZ
10/5/2026,18.6667,88.8333,30.029,0.001,0.081,-0.003,0.081,0,No PFZ
10/5/2026,18.6667,88.9167,30.045,0.0008,0.038,-0.051,0.064,0,No PFZ
10/5/2026,18.6667,89,30.052,0.001,-0.011,-0.099,0.1,0,No PFZ
10/5/2026,18.6667,89.0833,30.034,0.0024,-0.044,-0.117,0.125,0,No PFZ
10/5/2026,18.6667,89.1667,29.995,0.0022,-0.04,-0.101,0.109,0,No PFZ
10/5/2026,18.6667,89.25,29.991,0.0006,-0.009,-0.043,0.044,0,No PFZ
10/5/2026,18.6667,89.3333,29.994,0.0012,0.007,0.006,0.009,0,No PFZ
10/5/2026,18.6667,89.4167,29.999,0.0022,0.001,0.018,0.018,0,No PFZ
10/5/2026,18.6667,89.5,30.027,0.0025,-0.006,0.029,0.03,0,No PFZ
10/5/2026,18.6667,89.5833,30.051,0.0019,-0.008,0.044,0.045,0,No PFZ
10/5/2026,18.6667,89.6667,30.061,0.0008,-0.008,0.054,0.055,0,No PFZ
10/5/2026,18.6667,89.75,30.057,0.0003,-0.014,0.058,0.06,0,No PFZ
10/5/2026,18.6667,89.8333,30.047,0.0006,-0.024,0.067,0.071,0,No PFZ
10/5/2026,18.6667,89.9167,30.053,0.001,-0.024,0.101,0.103,0,No PFZ
10/5/2026,18.6667,90,30.064,0.001,-0.014,0.144,0.145,0,No PFZ
10/5/2026,18.6667,90.0833,30.069,0.0007,0.002,0.172,0.172,0,No PFZ
10/5/2026,18.6667,90.1667,30.064,0.0005,0.018,0.177,0.178,0,No PFZ
10/5/2026,18.6667,90.25,30.062,0.0003,0.032,0.17,0.173,0,No PFZ
10/5/2026,18.6667,90.3333,30.065,0.0004,0.048,0.157,0.164,0,No PFZ
10/5/2026,18.6667,90.4167,30.071,0.0006,0.068,0.137,0.153,0,No PFZ
10/5/2026,18.6667,90.5,30.078,0.0009,0.089,0.108,0.14,0,No PFZ
10/5/2026,18.6667,90.5833,30.085,0.0009,0.098,0.085,0.129,0,No PFZ
10/5/2026,18.6667,90.6667,30.088,0.0025,0.089,0.093,0.129,0,No PFZ
10/5/2026,18.6667,90.75,30.049,0.0048,0.073,0.131,0.15,0,No PFZ
10/5/2026,18.6667,90.8333,29.978,0.0045,0.069,0.144,0.16,0,No PFZ
10/5/2026,18.6667,90.9167,29.956,0.0022,0.08,0.109,0.135,0,No PFZ
10/5/2026,18.6667,91,29.962,0.0011,0.086,0.066,0.109,0,No PFZ
10/5/2026,18.6667,91.0833,29.942,0.0009,0.088,0.013,0.089,0,No PFZ
10/5/2026,18.6667,91.1667,29.939,0.0001,0.091,-0.051,0.104,0,No PFZ
10/5/2026,18.6667,91.25,29.943,0.0014,0.093,-0.117,0.149,0,No PFZ
10/5/2026,18.6667,91.3333,29.962,0.0026,0.097,-0.183,0.207,0,No PFZ
10/5/2026,18.6667,91.4167,29.994,0.0029,0.099,-0.246,0.265,1,Moderate PFZ
10/5/2026,18.6667,91.5,30.022,0.0022,0.094,-0.298,0.312,1,Moderate PFZ
10/5/2026,18.6667,91.5833,30.032,0.0013,0.086,-0.325,0.336,0,No PFZ
10/5/2026,18.6667,91.6667,30.034,0.0011,0.079,-0.315,0.325,0,No PFZ
10/5/2026,18.6667,91.75,30.049,0.0011,0.069,-0.278,0.286,0,No PFZ
10/5/2026,18.6667,91.8333,30.063,0.0003,0.049,-0.238,0.243,0,No PFZ
10/5/2026,18.6667,91.9167,30.047,0.002,0.02,-0.217,0.218,0,No PFZ
10/5/2026,18.6667,92,30.016,0.0022,-0.011,-0.22,0.22,0,No PFZ
10/5/2026,18.6667,92.0833,30.001,0.0012,-0.029,-0.23,0.232,0,No PFZ
10/5/2026,18.6667,92.1667,30.008,0.0008,-0.024,-0.234,0.235,0,No PFZ
10/5/2026,18.6667,92.25,30.001,0.0006,-0.001,-0.225,0.225,0,No PFZ
10/5/2026,18.6667,92.3333,29.996,0.0001,0.025,-0.219,0.22,0,No PFZ
10/5/2026,18.6667,92.4167,30.007,0.0008,0.037,-0.222,0.225,0,No PFZ
10/5/2026,18.6667,92.5,30.007,0.0013,0.035,-0.237,0.239,0,No PFZ
10/5/2026,18.6667,92.5833,29.988,0.002,0.032,-0.244,0.246,0,No PFZ
10/5/2026,18.6667,92.6667,29.983,0.0033,0.03,-0.243,0.245,1,Moderate PFZ
10/5/2026,18.6667,92.75,29.942,0.0053,0.026,-0.241,0.243,1,Moderate PFZ
10/5/2026,18.6667,92.8333,29.89,0.007,0.001,-0.114,0.114,1,Moderate PFZ
10/5/2026,18.6667,92.9167,29.798,0.0054,-0.039,0.025,0.046,0,No PFZ
10/5/2026,18.6667,93,29.759,0.0023,-0.061,0.001,0.061,0,No PFZ
10/5/2026,18.6667,93.0833,29.827,0.0043,-0.064,-0.055,0.085,0,No PFZ
10/5/2026,18.75,87.8333,29.914,0.0046,-0.205,-0.272,0.341,1,Moderate PFZ
10/5/2026,18.75,87.9167,30.028,0.0058,-0.193,-0.272,0.333,1,Moderate PFZ
10/5/2026,18.75,88,30.099,0.0051,-0.184,-0.257,0.316,1,Moderate PFZ
10/5/2026,18.75,88.0833,30.123,0.0019,-0.163,-0.23,0.282,1,Moderate PFZ
10/5/2026,18.75,88.1667,30.114,0.0013,-0.135,-0.209,0.249,1,Moderate PFZ
10/5/2026,18.75,88.25,30.093,0.0027,-0.11,-0.2,0.228,1,Moderate PFZ
10/5/2026,18.75,88.3333,30.07,0.0026,-0.091,-0.197,0.217,0,No PFZ
10/5/2026,18.75,88.4167,30.047,0.0021,-0.074,-0.188,0.202,0,No PFZ
10/5/2026,18.75,88.5,30.027,0.0014,-0.058,-0.178,0.187,0,No PFZ
10/5/2026,18.75,88.5833,30.003,0.0005,-0.034,-0.155,0.159,0,No PFZ
10/5/2026,18.75,88.6667,29.996,0.0012,0.012,-0.118,0.119,0,No PFZ
10/5/2026,18.75,88.75,30.035,0.0016,0.074,-0.055,0.092,0,No PFZ
10/5/2026,18.75,88.8333,30.045,0.0013,0.113,0.005,0.113,0,No PFZ
10/5/2026,18.75,88.9167,30.037,0.0008,0.104,0.009,0.105,0,No PFZ
10/5/2026,18.75,89,30.044,0.0003,0.059,-0.034,0.068,0,No PFZ
10/5/2026,18.75,89.0833,30.05,0.0015,0.005,-0.078,0.078,0,No PFZ
10/5/2026,18.75,89.1667,30.022,0.0028,-0.028,-0.098,0.102,0,No PFZ
10/5/2026,18.75,89.25,29.974,0.0019,-0.017,-0.083,0.085,0,No PFZ
10/5/2026,18.75,89.3333,29.989,0.0002,0.013,-0.017,0.022,0,No PFZ
10/5/2026,18.75,89.4167,29.994,0.0016,0.02,0.018,0.027,0,No PFZ
10/5/2026,18.75,89.5,30.01,0.0022,0.012,0.03,0.032,0,No PFZ
10/5/2026,18.75,89.5833,30.031,0.0022,0.007,0.044,0.044,0,No PFZ
10/5/2026,18.75,89.6667,30.049,0.0016,0.009,0.058,0.059,0,No PFZ
10/5/2026,18.75,89.75,30.055,0.0007,0.009,0.064,0.065,0,No PFZ
10/5/2026,18.75,89.8333,30.046,0.0004,0,0.067,0.067,0,No PFZ
10/5/2026,18.75,89.9167,30.047,0.0007,-0.009,0.08,0.081,0,No PFZ
10/5/2026,18.75,90,30.051,0.0011,-0.003,0.111,0.111,0,No PFZ
10/5/2026,18.75,90.0833,30.052,0.0012,0.015,0.14,0.141,0,No PFZ
10/5/2026,18.75,90.1667,30.056,0.001,0.037,0.155,0.16,0,No PFZ
10/5/2026,18.75,90.25,30.06,0.0008,0.057,0.154,0.164,0,No PFZ
10/5/2026,18.75,90.3333,30.063,0.0007,0.075,0.141,0.159,0,No PFZ
10/5/2026,18.75,90.4167,30.064,0.0009,0.091,0.118,0.149,0,No PFZ
10/5/2026,18.75,90.5,30.06,0.0012,0.104,0.093,0.139,0,No PFZ
10/5/2026,18.75,90.5833,30.067,0.0014,0.109,0.082,0.136,0,No PFZ
10/5/2026,18.75,90.6667,30.07,0.0025,0.104,0.103,0.146,0,No PFZ
10/5/2026,18.75,90.75,30.036,0.0043,0.099,0.137,0.169,0,No PFZ
10/5/2026,18.75,90.8333,29.97,0.0039,0.104,0.139,0.174,0,No PFZ
10/5/2026,18.75,90.9167,29.955,0.0018,0.115,0.106,0.157,0,No PFZ
10/5/2026,18.75,91,29.954,0.0009,0.122,0.067,0.139,0,No PFZ
10/5/2026,18.75,91.0833,29.944,0.0008,0.126,0.016,0.127,0,No PFZ
10/5/2026,18.75,91.1667,29.937,0.0002,0.128,-0.045,0.135,0,No PFZ
10/5/2026,18.75,91.25,29.937,0.0012,0.13,-0.108,0.169,0,No PFZ
10/5/2026,18.75,91.3333,29.955,0.0027,0.132,-0.172,0.216,0,No PFZ
10/5/2026,18.75,91.4167,29.99,0.0033,0.13,-0.234,0.268,1,Moderate PFZ
10/5/2026,18.75,91.5,30.024,0.0023,0.121,-0.288,0.313,1,Moderate PFZ
10/5/2026,18.75,91.5833,30.033,0.001,0.109,-0.322,0.341,0,No PFZ
10/5/2026,18.75,91.6667,30.03,0.0009,0.099,-0.32,0.335,0,No PFZ
10/5/2026,18.75,91.75,30.047,0.0013,0.087,-0.283,0.296,0,No PFZ
10/5/2026,18.75,91.8333,30.072,0.0002,0.067,-0.233,0.242,0,No PFZ
10/5/2026,18.75,91.9167,30.056,0.0022,0.039,-0.198,0.202,0,No PFZ
10/5/2026,18.75,92,30.013,0.0028,0.005,-0.199,0.199,0,No PFZ
10/5/2026,18.75,92.0833,29.99,0.0016,-0.022,-0.218,0.219,0,No PFZ
10/5/2026,18.75,92.1667,29.994,0.0009,-0.027,-0.238,0.239,0,No PFZ
10/5/2026,18.75,92.25,29.988,0.0008,-0.008,-0.244,0.244,0,No PFZ
10/5/2026,18.75,92.3333,29.992,0.0009,0.023,-0.234,0.235,0,No PFZ
10/5/2026,18.75,92.4167,30.015,0.0006,0.044,-0.224,0.229,0,No PFZ
10/5/2026,18.75,92.5,30.011,0.0006,0.05,-0.229,0.235,0,No PFZ
10/5/2026,18.75,92.5833,30,0.0015,0.053,-0.234,0.24,0,No PFZ
10/5/2026,18.75,92.6667,30.001,0.0034,0.047,-0.234,0.239,1,Moderate PFZ
10/5/2026,18.75,92.75,29.945,0.0058,0.031,-0.228,0.23,1,Moderate PFZ
10/5/2026,18.75,92.8333,29.89,0.0069,0.003,-0.099,0.099,0,No PFZ
10/5/2026,18.75,92.9167,29.798,0.0042,-0.033,0.033,0.047,0,No PFZ
10/5/2026,18.75,93,29.785,0.0025,-0.054,0.003,0.054,0,No PFZ
10/5/2026,18.75,93.0833,29.867,0.0044,-0.057,-0.055,0.079,0,No PFZ
10/5/2026,18.8333,87.8333,30.007,0.0036,-0.177,-0.262,0.316,1,Moderate PFZ
10/5/2026,18.8333,87.9167,29.926,0.0016,-0.165,-0.268,0.315,1,Moderate PFZ
10/5/2026,18.8333,88,30.002,0.0047,-0.154,-0.282,0.321,1,Moderate PFZ
10/5/2026,18.8333,88.0833,30.097,0.0047,-0.146,-0.27,0.307,1,Moderate PFZ
10/5/2026,18.8333,88.1667,30.115,0.0023,-0.126,-0.241,0.272,1,Moderate PFZ
10/5/2026,18.8333,88.25,30.093,0.0027,-0.103,-0.225,0.247,1,Moderate PFZ
10/5/2026,18.8333,88.3333,30.065,0.0034,-0.081,-0.219,0.233,1,Moderate PFZ
10/5/2026,18.8333,88.4167,30.052,0.0034,-0.057,-0.209,0.217,1,Moderate PFZ
10/5/2026,18.8333,88.5,30.032,0.0028,-0.033,-0.201,0.204,0,No PFZ
10/5/2026,18.8333,88.5833,30.033,0.0021,-0.011,-0.176,0.176,0,No PFZ
10/5/2026,18.8333,88.6667,30.015,0.0017,0.009,-0.15,0.151,0,No PFZ
10/5/2026,18.8333,88.75,29.997,0.0021,0.04,-0.114,0.121,0,No PFZ
10/5/2026,18.8333,88.8333,30.027,0.0022,0.089,-0.056,0.105,0,No PFZ
10/5/2026,18.8333,88.9167,30.048,0.0017,0.128,0.002,0.128,0,No PFZ
10/5/2026,18.8333,89,30.041,0.0009,0.126,0.02,0.127,0,No PFZ
10/5/2026,18.8333,89.0833,30.045,0.0003,0.082,-0.012,0.083,0,No PFZ
10/5/2026,18.8333,89.1667,30.05,0.0021,0.026,-0.059,0.064,0,No PFZ
10/5/2026,18.8333,89.25,30.021,0.0029,-0.012,-0.083,0.084,0,No PFZ
10/5/2026,18.8333,89.3333,29.967,0.0014,0.002,-0.06,0.06,0,No PFZ
10/5/2026,18.8333,89.4167,29.995,0.0008,0.033,-0.002,0.033,0,No PFZ
10/5/2026,18.8333,89.5,30.005,0.0017,0.036,0.028,0.046,0,No PFZ
10/5/2026,18.8333,89.5833,30.015,0.0019,0.03,0.043,0.053,0,No PFZ
10/5/2026,18.8333,89.6667,30.027,0.0018,0.028,0.059,0.065,0,No PFZ
10/5/2026,18.8333,89.75,30.046,0.0013,0.031,0.071,0.078,0,No PFZ
10/5/2026,18.8333,89.8333,30.049,0.0007,0.029,0.076,0.082,0,No PFZ
10/5/2026,18.8333,89.9167,30.045,0.0006,0.021,0.08,0.083,0,No PFZ
10/5/2026,18.8333,90,30.039,0.0008,0.016,0.09,0.092,0,No PFZ
10/5/2026,18.8333,90.0833,30.038,0.0011,0.024,0.106,0.108,0,No PFZ
10/5/2026,18.8333,90.1667,30.044,0.0013,0.04,0.118,0.125,0,No PFZ
10/5/2026,18.8333,90.25,30.05,0.0015,0.059,0.121,0.134,0,No PFZ
10/5/2026,18.8333,90.3333,30.056,0.0014,0.076,0.112,0.135,0,No PFZ
10/5/2026,18.8333,90.4167,30.053,0.0012,0.091,0.094,0.131,0,No PFZ
10/5/2026,18.8333,90.5,30.047,0.0012,0.105,0.074,0.128,0,No PFZ
10/5/2026,18.8333,90.5833,30.048,0.0012,0.115,0.069,0.134,0,No PFZ
10/5/2026,18.8333,90.6667,30.053,0.0019,0.123,0.092,0.153,0,No PFZ
10/5/2026,18.8333,90.75,30.028,0.0035,0.132,0.126,0.182,0,No PFZ
10/5/2026,18.8333,90.8333,29.971,0.0034,0.146,0.128,0.194,0,No PFZ
10/5/2026,18.8333,90.9167,29.958,0.0019,0.159,0.101,0.188,0,No PFZ
10/5/2026,18.8333,91,29.956,0.0011,0.166,0.064,0.178,0,No PFZ
10/5/2026,18.8333,91.0833,29.949,0.001,0.17,0.014,0.171,0,No PFZ
10/5/2026,18.8333,91.1667,29.939,0.0006,0.171,-0.042,0.176,0,No PFZ
10/5/2026,18.8333,91.25,29.938,0.0012,0.17,-0.101,0.198,0,No PFZ
10/5/2026,18.8333,91.3333,29.954,0.0029,0.168,-0.162,0.233,0,No PFZ
10/5/2026,18.8333,91.4167,29.997,0.0036,0.162,-0.222,0.274,1,Moderate PFZ
10/5/2026,18.8333,91.5,30.036,0.0024,0.15,-0.276,0.314,1,Moderate PFZ
10/5/2026,18.8333,91.5833,30.042,0.0008,0.135,-0.316,0.344,0,No PFZ
10/5/2026,18.8333,91.6667,30.03,0.0005,0.12,-0.321,0.343,0,No PFZ
10/5/2026,18.8333,91.75,30.041,0.0014,0.106,-0.288,0.307,0,No PFZ
10/5/2026,18.8333,91.8333,30.074,0.0004,0.086,-0.234,0.249,0,No PFZ
10/5/2026,18.8333,91.9167,30.064,0.002,0.06,-0.185,0.194,0,No PFZ
10/5/2026,18.8333,92,30.025,0.0031,0.031,-0.177,0.18,0,No PFZ
10/5/2026,18.8333,92.0833,29.99,0.0021,0.001,-0.198,0.198,0,No PFZ
10/5/2026,18.8333,92.1667,29.982,0.0008,-0.013,-0.229,0.23,0,No PFZ
10/5/2026,18.8333,92.25,29.98,0.0006,-0.002,-0.252,0.252,0,No PFZ
10/5/2026,18.8333,92.3333,29.991,0.0013,0.026,-0.25,0.252,0,No PFZ
10/5/2026,18.8333,92.4167,30.02,0.0007,0.05,-0.232,0.237,0,No PFZ
10/5/2026,18.8333,92.5,30.011,0.0003,0.06,-0.227,0.235,0,No PFZ
10/5/2026,18.8333,92.5833,30,0.0011,0.068,-0.229,0.239,0,No PFZ
10/5/2026,18.8333,92.6667,30.011,0.0034,0.058,-0.226,0.233,1,Moderate PFZ
10/5/2026,18.8333,92.75,29.95,0.0062,0.033,-0.206,0.208,1,Moderate PFZ
10/5/2026,18.8333,92.8333,29.886,0.0064,0.004,-0.084,0.084,0,No PFZ
10/5/2026,18.8333,92.9167,29.811,0.0032,-0.029,0.036,0.046,0,No PFZ
10/5/2026,18.8333,93,29.81,0.0022,-0.049,0.007,0.049,0,No PFZ
10/5/2026,18.8333,93.0833,29.884,0.0037,-0.05,-0.053,0.073,0,No PFZ
10/5/2026,18.9167,87.8333,30.086,0.0048,-0.125,-0.253,0.282,1,Moderate PFZ
10/5/2026,18.9167,87.9167,30.054,0.004,-0.128,-0.259,0.289,1,Moderate PFZ
10/5/2026,18.9167,88,29.972,0.0009,-0.126,-0.275,0.303,1,Moderate PFZ
10/5/2026,18.9167,88.0833,30.007,0.0029,-0.12,-0.286,0.31,1,Moderate PFZ
10/5/2026,18.9167,88.1667,30.066,0.0029,-0.109,-0.269,0.291,1,Moderate PFZ
10/5/2026,18.9167,88.25,30.043,0.0039,-0.095,-0.254,0.271,1,Moderate PFZ
10/5/2026,18.9167,88.3333,30.016,0.0056,-0.074,-0.243,0.254,1,Moderate PFZ
10/5/2026,18.9167,88.4167,29.979,0.006,-0.043,-0.239,0.243,1,Moderate PFZ
10/5/2026,18.9167,88.5,29.974,0.0057,-0.009,-0.228,0.228,1,Moderate PFZ
10/5/2026,18.9167,88.5833,29.989,0.0051,0.02,-0.202,0.203,1,Moderate PFZ
10/5/2026,18.9167,88.6667,30.001,0.0043,0.042,-0.179,0.184,1,Moderate PFZ
10/5/2026,18.9167,88.75,30.007,0.0037,0.063,-0.138,0.152,0,No PFZ
10/5/2026,18.9167,88.8333,29.993,0.0031,0.086,-0.091,0.125,0,No PFZ
10/5/2026,18.9167,88.9167,30.011,0.0026,0.117,-0.048,0.127,0,No PFZ
10/5/2026,18.9167,89,30.039,0.0019,0.148,0.007,0.148,0,No PFZ
10/5/2026,18.9167,89.0833,30.046,0.001,0.147,0.034,0.151,0,No PFZ
10/5/2026,18.9167,89.1667,30.048,0.0007,0.106,0.008,0.106,0,No PFZ
10/5/2026,18.9167,89.25,30.039,0.0024,0.05,-0.04,0.064,0,No PFZ
10/5/2026,18.9167,89.3333,29.998,0.0026,0.013,-0.064,0.066,0,No PFZ
10/5/2026,18.9167,89.4167,29.973,0.0007,0.024,-0.037,0.044,0,No PFZ
10/5/2026,18.9167,89.5,29.999,0.0011,0.051,0.012,0.053,0,No PFZ
10/5/2026,18.9167,89.5833,30.01,0.0016,0.055,0.041,0.069,0,No PFZ
10/5/2026,18.9167,89.6667,30.018,0.0015,0.051,0.057,0.076,0,No PFZ
10/5/2026,18.9167,89.75,30.033,0.0014,0.052,0.071,0.088,0,No PFZ
10/5/2026,18.9167,89.8333,30.041,0.0011,0.058,0.082,0.1,0,No PFZ
10/5/2026,18.9167,89.9167,30.043,0.0009,0.061,0.086,0.105,0,No PFZ
10/5/2026,18.9167,90,30.039,0.0009,0.057,0.088,0.105,0,No PFZ
10/5/2026,18.9167,90.0833,30.031,0.0009,0.054,0.089,0.104,0,No PFZ
10/5/2026,18.9167,90.1667,30.026,0.0011,0.057,0.092,0.108,0,No PFZ
10/5/2026,18.9167,90.25,30.029,0.0014,0.068,0.09,0.113,0,No PFZ
10/5/2026,18.9167,90.3333,30.034,0.0016,0.083,0.082,0.117,0,No PFZ
10/5/2026,18.9167,90.4167,30.042,0.0014,0.098,0.068,0.119,0,No PFZ
10/5/2026,18.9167,90.5,30.045,0.0011,0.114,0.051,0.125,0,No PFZ
10/5/2026,18.9167,90.5833,30.044,0.0009,0.128,0.044,0.136,0,No PFZ
10/5/2026,18.9167,90.6667,30.05,0.0012,0.144,0.061,0.156,0,No PFZ
10/5/2026,18.9167,90.75,30.033,0.0026,0.163,0.092,0.187,0,No PFZ
10/5/2026,18.9167,90.8333,29.989,0.003,0.184,0.102,0.21,0,No PFZ
10/5/2026,18.9167,90.9167,29.972,0.0023,0.201,0.087,0.219,0,No PFZ
10/5/2026,18.9167,91,29.965,0.0017,0.211,0.055,0.218,0,No PFZ
10/5/2026,18.9167,91.0833,29.956,0.0014,0.214,0.01,0.214,0,No PFZ
10/5/2026,18.9167,91.1667,29.946,0.001,0.213,-0.041,0.217,0,No PFZ
10/5/2026,18.9167,91.25,29.947,0.0014,0.21,-0.096,0.231,0,No PFZ
10/5/2026,18.9167,91.3333,29.961,0.0029,0.205,-0.154,0.256,1,Moderate PFZ
10/5/2026,18.9167,91.4167,30.005,0.0037,0.195,-0.211,0.288,1,Moderate PFZ
10/5/2026,18.9167,91.5,30.044,0.0023,0.18,-0.264,0.32,1,Moderate PFZ
10/5/2026,18.9167,91.5833,30.048,0.0005,0.163,-0.306,0.347,0,No PFZ
10/5/2026,18.9167,91.6667,30.029,0.0003,0.145,-0.318,0.35,0,No PFZ
10/5/2026,18.9167,91.75,30.031,0.0011,0.127,-0.289,0.316,0,No PFZ
10/5/2026,18.9167,91.8333,30.066,0.0006,0.106,-0.237,0.259,0,No PFZ
10/5/2026,18.9167,91.9167,30.059,0.0016,0.082,-0.18,0.198,0,No PFZ
10/5/2026,18.9167,92,30.029,0.0028,0.059,-0.16,0.171,0,No PFZ
10/5/2026,18.9167,92.0833,29.991,0.0023,0.034,-0.174,0.177,0,No PFZ
10/5/2026,18.9167,92.1667,29.985,0.001,0.02,-0.208,0.209,0,No PFZ
10/5/2026,18.9167,92.25,29.977,0.0005,0.025,-0.242,0.243,0,No PFZ
10/5/2026,18.9167,92.3333,29.989,0.0013,0.047,-0.254,0.258,0,No PFZ
10/5/2026,18.9167,92.4167,30.019,0.0006,0.065,-0.238,0.247,0,No PFZ
10/5/2026,18.9167,92.5,30.002,0.0004,0.075,-0.23,0.242,0,No PFZ
10/5/2026,18.9167,92.5833,29.997,0.0009,0.081,-0.224,0.238,0,No PFZ
10/5/2026,18.9167,92.6667,30.018,0.0038,0.064,-0.215,0.224,1,Moderate PFZ
10/5/2026,18.9167,92.75,29.932,0.0067,0.03,-0.177,0.18,1,Moderate PFZ
10/5/2026,18.9167,92.8333,29.869,0.0057,-0.005,-0.065,0.065,0,No PFZ
10/5/2026,18.9167,92.9167,29.83,0.002,-0.037,0.038,0.053,0,No PFZ
10/5/2026,18.9167,93,29.832,0.0016,-0.052,0.007,0.053,0,No PFZ
10/5/2026,18.9167,93.0833,29.878,0.0029,-0.05,-0.049,0.07,0,No PFZ
10/5/2026,19,87.8333,30.082,0.0022,-0.067,-0.234,0.243,1,Moderate PFZ
10/5/2026,19,87.9167,30.089,0.0027,-0.082,-0.249,0.262,1,Moderate PFZ
10/5/2026,19,88,30.073,0.0024,-0.092,-0.271,0.287,1,Moderate PFZ
10/5/2026,19,88.0833,30.012,0.0005,-0.092,-0.29,0.304,1,Moderate PFZ
10/5/2026,19,88.1667,30.045,0.0018,-0.084,-0.286,0.298,1,Moderate PFZ
10/5/2026,19,88.25,30.035,0.0047,-0.077,-0.282,0.292,1,Moderate PFZ
10/5/2026,19,88.3333,29.957,0.0067,-0.062,-0.279,0.285,2,Strong PFZ
10/5/2026,19,88.4167,29.921,0.0066,-0.031,-0.274,0.276,2,Strong PFZ
10/5/2026,19,88.5,29.892,0.0062,0.007,-0.26,0.26,1,Moderate PFZ
10/5/2026,19,88.5833,29.91,0.0061,0.045,-0.226,0.23,1,Moderate PFZ
10/5/2026,19,88.6667,29.925,0.0059,0.074,-0.194,0.207,1,Moderate PFZ
10/5/2026,19,88.75,29.946,0.006,0.098,-0.165,0.191,1,Moderate PFZ
10/5/2026,19,88.8333,29.997,0.0052,0.116,-0.11,0.16,1,Moderate PFZ
10/5/2026,19,88.9167,29.999,0.0035,0.127,-0.06,0.141,0,No PFZ
10/5/2026,19,89,30.008,0.0024,0.146,-0.025,0.148,0,No PFZ
10/5/2026,19,89.0833,30.029,0.0019,0.167,0.025,0.169,0,No PFZ
10/5/2026,19,89.1667,30.045,0.0009,0.164,0.054,0.172,0,No PFZ
10/5/2026,19,89.25,30.041,0.0009,0.125,0.025,0.128,0,No PFZ
10/5/2026,19,89.3333,30.031,0.0024,0.069,-0.022,0.073,0,No PFZ
10/5/2026,19,89.4167,29.991,0.0022,0.036,-0.049,0.061,0,No PFZ
10/5/2026,19,89.5,29.977,0.0005,0.046,-0.02,0.05,0,No PFZ
10/5/2026,19,89.5833,30.007,0.0012,0.067,0.023,0.071,0,No PFZ
10/5/2026,19,89.6667,30.019,0.0013,0.071,0.049,0.087,0,No PFZ
10/5/2026,19,89.75,30.019,0.001,0.072,0.064,0.096,0,No PFZ
10/5/2026,19,89.8333,30.023,0.0009,0.079,0.076,0.11,0,No PFZ
10/5/2026,19,89.9167,30.024,0.0008,0.091,0.083,0.123,0,No PFZ
10/5/2026,19,90,30.028,0.0007,0.1,0.084,0.131,0,No PFZ
10/5/2026,19,90.0833,30.025,0.0007,0.103,0.083,0.132,0,No PFZ
10/5/2026,19,90.1667,30.022,0.0007,0.105,0.079,0.131,0,No PFZ
10/5/2026,19,90.25,30.017,0.0007,0.109,0.073,0.131,0,No PFZ
10/5/2026,19,90.3333,30.015,0.001,0.118,0.061,0.133,0,No PFZ
10/5/2026,19,90.4167,30.022,0.0012,0.13,0.044,0.137,0,No PFZ
10/5/2026,19,90.5,30.03,0.0011,0.142,0.028,0.145,0,No PFZ
10/5/2026,19,90.5833,30.035,0.0009,0.154,0.02,0.156,0,No PFZ
10/5/2026,19,90.6667,30.04,0.0006,0.169,0.027,0.172,0,No PFZ
10/5/2026,19,90.75,30.035,0.0016,0.19,0.049,0.196,0,No PFZ
10/5/2026,19,90.8333,30.009,0.0025,0.215,0.064,0.224,0,No PFZ
10/5/2026,19,90.9167,29.992,0.0024,0.236,0.06,0.244,0,No PFZ
10/5/2026,19,91,29.98,0.0021,0.249,0.037,0.252,0,No PFZ
10/5/2026,19,91.0833,29.967,0.0018,0.253,0.001,0.253,0,No PFZ
10/5/2026,19,91.1667,29.96,0.0014,0.252,-0.044,0.256,0,No PFZ
10/5/2026,19,91.25,29.958,0.0014,0.249,-0.095,0.267,0,No PFZ
10/5/2026,19,91.3333,29.967,0.0027,0.243,-0.149,0.285,1,Moderate PFZ
10/5/2026,19,91.4167,30.006,0.0035,0.232,-0.202,0.307,1,Moderate PFZ
10/5/2026,19,91.5,30.044,0.0023,0.214,-0.25,0.329,1,Moderate PFZ
10/5/2026,19,91.5833,30.049,0.0008,0.194,-0.293,0.351,0,No PFZ
10/5/2026,19,91.6667,30.033,0.0009,0.174,-0.308,0.354,0,No PFZ
10/5/2026,19,91.75,30.034,0.001,0.151,-0.283,0.321,0,No PFZ
10/5/2026,19,91.8333,30.06,0.0003,0.126,-0.233,0.265,0,No PFZ
10/5/2026,19,91.9167,30.055,0.0015,0.102,-0.18,0.207,0,No PFZ
10/5/2026,19,92,30.031,0.0024,0.082,-0.151,0.172,0,No PFZ
10/5/2026,19,92.0833,30.009,0.002,0.065,-0.15,0.164,0,No PFZ
10/5/2026,19,92.1667,29.99,0.0012,0.059,-0.182,0.191,0,No PFZ
10/5/2026,19,92.25,29.985,0.0008,0.068,-0.219,0.23,0,No PFZ
10/5/2026,19,92.3333,29.993,0.001,0.084,-0.244,0.258,0,No PFZ
10/5/2026,19,92.4167,30.018,0.0003,0.093,-0.238,0.255,0,No PFZ
10/5/2026,19,92.5,29.996,0.0005,0.096,-0.231,0.25,0,No PFZ
10/5/2026,19,92.5833,30,0.0008,0.095,-0.217,0.237,0,No PFZ
10/5/2026,19,92.6667,30.026,0.0047,0.067,-0.198,0.209,1,Moderate PFZ
10/5/2026,19,92.75,29.913,0.0078,0.019,-0.136,0.137,1,Moderate PFZ
10/5/2026,19,92.8333,29.848,0.0058,-0.027,-0.04,0.048,0,No PFZ
10/5/2026,19,92.9167,29.837,0.0019,-0.061,0.035,0.07,0,No PFZ
10/5/2026,19,93,29.827,0.0019,-0.064,-0.002,0.064,0,No PFZ
10/5/2026,19,93.0833,29.883,0.0029,-0.048,-0.049,0.069,0,No PFZ
10/5/2026,19.0833,87.8333,30.09,0.002,-0.025,-0.202,0.204,0,No PFZ
10/5/2026,19.0833,87.9167,30.064,0.0023,-0.038,-0.225,0.228,1,Moderate PFZ
10/5/2026,19.0833,88,30.053,0.0023,-0.057,-0.257,0.263,1,Moderate PFZ
10/5/2026,19.0833,88.0833,30.028,0.0014,-0.063,-0.289,0.296,1,Moderate PFZ
10/5/2026,19.0833,88.1667,30.042,0.0025,-0.061,-0.299,0.305,1,Moderate PFZ
10/5/2026,19.0833,88.25,30.019,0.0061,-0.061,-0.308,0.314,2,Strong PFZ
10/5/2026,19.0833,88.3333,29.925,0.0077,-0.048,-0.323,0.327,2,Strong PFZ
10/5/2026,19.0833,88.4167,29.874,0.0063,-0.016,-0.319,0.319,2,Strong PFZ
10/5/2026,19.0833,88.5,29.84,0.005,0.023,-0.301,0.301,1,Moderate PFZ
10/5/2026,19.0833,88.5833,29.869,0.005,0.062,-0.251,0.258,1,Moderate PFZ
10/5/2026,19.0833,88.6667,29.88,0.0051,0.097,-0.201,0.223,1,Moderate PFZ
10/5/2026,19.0833,88.75,29.86,0.0062,0.124,-0.175,0.215,1,Moderate PFZ
10/5/2026,19.0833,88.8333,29.916,0.0072,0.146,-0.132,0.197,1,Moderate PFZ
10/5/2026,19.0833,88.9167,29.992,0.0057,0.161,-0.073,0.177,1,Moderate PFZ
10/5/2026,19.0833,89,30.008,0.0031,0.166,-0.022,0.167,0,No PFZ
10/5/2026,19.0833,89.0833,30.006,0.0019,0.173,0.008,0.173,0,No PFZ
10/5/2026,19.0833,89.1667,30.026,0.0015,0.184,0.054,0.192,0,No PFZ
10/5/2026,19.0833,89.25,30.037,0.0006,0.176,0.072,0.19,0,No PFZ
10/5/2026,19.0833,89.3333,30.04,0.001,0.136,0.037,0.141,0,No PFZ
10/5/2026,19.0833,89.4167,30.033,0.0023,0.081,-0.006,0.081,0,No PFZ
10/5/2026,19.0833,89.5,29.992,0.002,0.051,-0.032,0.06,0,No PFZ
10/5/2026,19.0833,89.5833,29.985,0.0005,0.062,-0.001,0.062,0,No PFZ
10/5/2026,19.0833,89.6667,30.012,0.001,0.081,0.032,0.087,0,No PFZ
10/5/2026,19.0833,89.75,30.019,0.0009,0.09,0.052,0.104,0,No PFZ
10/5/2026,19.0833,89.8333,30.016,0.0004,0.097,0.064,0.116,0,No PFZ
10/5/2026,19.0833,89.9167,30.017,0.0002,0.11,0.071,0.131,0,No PFZ
10/5/2026,19.0833,90,30.016,0.0002,0.126,0.074,0.147,0,No PFZ
10/5/2026,19.0833,90.0833,30.017,0.0003,0.141,0.072,0.159,0,No PFZ
10/5/2026,19.0833,90.1667,30.016,0.0003,0.153,0.066,0.166,0,No PFZ
10/5/2026,19.0833,90.25,30.016,0.0002,0.162,0.056,0.172,0,No PFZ
10/5/2026,19.0833,90.3333,30.016,0.0001,0.17,0.043,0.176,0,No PFZ
10/5/2026,19.0833,90.4167,30.017,0.0004,0.178,0.025,0.18,0,No PFZ
10/5/2026,19.0833,90.5,30.019,0.0006,0.186,0.009,0.186,0,No PFZ
10/5/2026,19.0833,90.5833,30.027,0.0007,0.195,0,0.195,0,No PFZ
10/5/2026,19.0833,90.6667,30.032,0.0002,0.207,0.002,0.207,0,No PFZ
10/5/2026,19.0833,90.75,30.034,0.0008,0.224,0.014,0.224,0,No PFZ
10/5/2026,19.0833,90.8333,30.02,0.0018,0.246,0.027,0.248,0,No PFZ
10/5/2026,19.0833,90.9167,30.008,0.0023,0.268,0.028,0.27,0,No PFZ
10/5/2026,19.0833,91,29.995,0.0024,0.283,0.013,0.284,1,Moderate PFZ
10/5/2026,19.0833,91.0833,29.982,0.0022,0.289,-0.015,0.29,1,Moderate PFZ
10/5/2026,19.0833,91.1667,29.973,0.0018,0.29,-0.053,0.294,0,No PFZ
10/5/2026,19.0833,91.25,29.968,0.0016,0.286,-0.097,0.302,1,Moderate PFZ
10/5/2026,19.0833,91.3333,29.975,0.0027,0.278,-0.144,0.313,1,Moderate PFZ
10/5/2026,19.0833,91.4167,30.009,0.0035,0.264,-0.192,0.326,1,Moderate PFZ
10/5/2026,19.0833,91.5,30.048,0.0026,0.243,-0.236,0.339,1,Moderate PFZ
10/5/2026,19.0833,91.5833,30.058,0.0014,0.221,-0.277,0.355,1,Moderate PFZ
10/5/2026,19.0833,91.6667,30.049,0.0015,0.2,-0.295,0.357,0,No PFZ
10/5/2026,19.0833,91.75,30.051,0.0012,0.174,-0.272,0.323,0,No PFZ
10/5/2026,19.0833,91.8333,30.067,0.0006,0.143,-0.225,0.267,0,No PFZ
10/5/2026,19.0833,91.9167,30.051,0.0021,0.115,-0.178,0.212,0,No PFZ
10/5/2026,19.0833,92,30.028,0.0023,0.094,-0.144,0.171,0,No PFZ
10/5/2026,19.0833,92.0833,30.012,0.0014,0.082,-0.135,0.159,0,No PFZ
10/5/2026,19.0833,92.1667,30,0.0008,0.089,-0.164,0.187,0,No PFZ
10/5/2026,19.0833,92.25,29.999,0.0008,0.107,-0.201,0.228,0,No PFZ
10/5/2026,19.0833,92.3333,30.005,0.0003,0.123,-0.229,0.26,0,No PFZ
10/5/2026,19.0833,92.4167,30.019,0.0011,0.124,-0.232,0.263,0,No PFZ
10/5/2026,19.0833,92.5,29.992,0.0014,0.121,-0.227,0.257,0,No PFZ
10/5/2026,19.0833,92.5833,30.005,0.0013,0.111,-0.208,0.236,0,No PFZ
10/5/2026,19.0833,92.6667,30.031,0.0059,0.068,-0.172,0.185,1,Moderate PFZ
10/5/2026,19.0833,92.75,29.885,0.0093,0.001,-0.084,0.084,0,No PFZ
10/5/2026,19.0833,92.8333,29.802,0.0059,-0.057,-0.006,0.058,0,No PFZ
10/5/2026,19.0833,92.9167,29.794,0.0014,-0.082,0.025,0.086,0,No PFZ
10/5/2026,19.0833,93,29.809,0.0028,-0.066,-0.015,0.067,0,No PFZ
10/5/2026,19.0833,93.0833,29.864,0.0033,-0.036,-0.06,0.07,0,No PFZ
10/5/2026,19.1667,87.8333,30.109,0.0034,-0.002,-0.172,0.172,0,No PFZ
10/5/2026,19.1667,87.9167,30.055,0.0037,-0.014,-0.2,0.2,1,Moderate PFZ
10/5/2026,19.1667,88,30.02,0.0031,-0.031,-0.234,0.236,1,Moderate PFZ
10/5/2026,19.1667,88.0833,30,0.002,-0.036,-0.277,0.28,1,Moderate PFZ
10/5/2026,19.1667,88.1667,30.038,0.0037,-0.039,-0.312,0.314,1,Moderate PFZ
10/5/2026,19.1667,88.25,29.971,0.0075,-0.047,-0.338,0.341,2,Strong PFZ
10/5/2026,19.1667,88.3333,29.885,0.008,-0.031,-0.365,0.366,2,Strong PFZ
10/5/2026,19.1667,88.4167,29.83,0.0054,0.005,-0.368,0.368,2,Strong PFZ
10/5/2026,19.1667,88.5,29.796,0.0032,0.042,-0.345,0.348,1,Moderate PFZ
10/5/2026,19.1667,88.5833,29.823,0.0034,0.077,-0.288,0.298,1,Moderate PFZ
10/5/2026,19.1667,88.6667,29.847,0.0036,0.111,-0.222,0.248,1,Moderate PFZ
10/5/2026,19.1667,88.75,29.828,0.0045,0.14,-0.176,0.225,1,Moderate PFZ
10/5/2026,19.1667,88.8333,29.833,0.0069,0.166,-0.142,0.218,1,Moderate PFZ
10/5/2026,19.1667,88.9167,29.939,0.0074,0.187,-0.082,0.204,1,Moderate PFZ
10/5/2026,19.1667,89,29.998,0.0046,0.195,-0.022,0.197,1,Moderate PFZ
10/5/2026,19.1667,89.0833,30.008,0.0022,0.194,0.023,0.196,0,No PFZ
10/5/2026,19.1667,89.1667,30.012,0.0015,0.195,0.048,0.201,0,No PFZ
10/5/2026,19.1667,89.25,30.03,0.0012,0.196,0.088,0.215,0,No PFZ
10/5/2026,19.1667,89.3333,30.039,0.0004,0.179,0.09,0.2,0,No PFZ
10/5/2026,19.1667,89.4167,30.044,0.001,0.139,0.047,0.147,0,No PFZ
10/5/2026,19.1667,89.5,30.038,0.0021,0.091,0.001,0.091,0,No PFZ
10/5/2026,19.1667,89.5833,30.004,0.0018,0.066,-0.017,0.068,0,No PFZ
10/5/2026,19.1667,89.6667,29.993,0.0005,0.076,0.011,0.077,0,No PFZ
10/5/2026,19.1667,89.75,30.016,0.001,0.096,0.036,0.103,0,No PFZ
10/5/2026,19.1667,89.8333,30.032,0.001,0.11,0.051,0.122,0,No PFZ
10/5/2026,19.1667,89.9167,30.035,0.0007,0.123,0.059,0.137,0,No PFZ
10/5/2026,19.1667,90,30.031,0.001,0.14,0.062,0.153,0,No PFZ
10/5/2026,19.1667,90.0833,30.023,0.0012,0.16,0.059,0.171,0,No PFZ
10/5/2026,19.1667,90.1667,30.021,0.0012,0.179,0.05,0.186,0,No PFZ
10/5/2026,19.1667,90.25,30.021,0.0013,0.196,0.038,0.2,0,No PFZ
10/5/2026,19.1667,90.3333,30.019,0.0012,0.21,0.025,0.211,0,No PFZ
10/5/2026,19.1667,90.4167,30.017,0.001,0.222,0.011,0.222,0,No PFZ
10/5/2026,19.1667,90.5,30.017,0.0009,0.231,-0.003,0.231,0,No PFZ
10/5/2026,19.1667,90.5833,30.026,0.001,0.239,-0.013,0.24,0,No PFZ
10/5/2026,19.1667,90.6667,30.035,0.0009,0.249,-0.016,0.249,0,No PFZ
10/5/2026,19.1667,90.75,30.039,0.001,0.261,-0.011,0.261,0,No PFZ
10/5/2026,19.1667,90.8333,30.034,0.0016,0.278,-0.004,0.278,0,No PFZ
10/5/2026,19.1667,90.9167,30.027,0.0021,0.296,-0.003,0.296,1,Moderate PFZ
10/5/2026,19.1667,91,30.018,0.0024,0.309,-0.013,0.31,1,Moderate PFZ
10/5/2026,19.1667,91.0833,30.003,0.0024,0.316,-0.033,0.318,1,Moderate PFZ
10/5/2026,19.1667,91.1667,29.991,0.0022,0.318,-0.063,0.324,1,Moderate PFZ
10/5/2026,19.1667,91.25,29.984,0.002,0.314,-0.098,0.329,1,Moderate PFZ
10/5/2026,19.1667,91.3333,29.991,0.003,0.303,-0.138,0.333,1,Moderate PFZ
10/5/2026,19.1667,91.4167,30.027,0.0038,0.286,-0.181,0.339,1,Moderate PFZ
10/5/2026,19.1667,91.5,30.067,0.0029,0.264,-0.223,0.346,1,Moderate PFZ
10/5/2026,19.1667,91.5833,30.074,0.0017,0.243,-0.261,0.357,1,Moderate PFZ
10/5/2026,19.1667,91.6667,30.069,0.0016,0.222,-0.278,0.356,0,No PFZ
10/5/2026,19.1667,91.75,30.068,0.0011,0.194,-0.255,0.32,0,No PFZ
10/5/2026,19.1667,91.8333,30.073,0.002,0.158,-0.212,0.265,0,No PFZ
10/5/2026,19.1667,91.9167,30.034,0.0032,0.12,-0.168,0.206,0,No PFZ
10/5/2026,19.1667,92,30.006,0.0024,0.091,-0.128,0.157,0,No PFZ
10/5/2026,19.1667,92.0833,29.994,0.0005,0.088,-0.125,0.153,0,No PFZ
10/5/2026,19.1667,92.1667,30.007,0.0004,0.109,-0.161,0.194,0,No PFZ
10/5/2026,19.1667,92.25,30.013,0.0006,0.136,-0.2,0.242,0,No PFZ
10/5/2026,19.1667,92.3333,30.01,0.0024,0.153,-0.226,0.273,0,No PFZ
10/5/2026,19.1667,92.4167,30.008,0.0038,0.15,-0.227,0.273,1,Moderate PFZ
10/5/2026,19.1667,92.5,29.973,0.0036,0.143,-0.22,0.263,1,Moderate PFZ
10/5/2026,19.1667,92.5833,29.997,0.0028,0.127,-0.198,0.235,1,Moderate PFZ
10/5/2026,19.1667,92.6667,30.023,0.0067,0.069,-0.139,0.155,1,Moderate PFZ
10/5/2026,19.1667,92.75,29.859,0.0097,-0.012,-0.029,0.031,0,No PFZ
10/5/2026,19.1667,92.8333,29.754,0.0042,-0.068,0.023,0.071,0,No PFZ
10/5/2026,19.1667,92.9167,29.775,0.0027,-0.071,0.009,0.072,0,No PFZ
10/5/2026,19.1667,93,29.846,0.0045,-0.045,-0.025,0.052,0,No PFZ
10/5/2026,19.1667,93.0833,29.877,0.0035,-0.019,-0.082,0.084,0,No PFZ
10/5/2026,19.25,87.8333,30.102,0.0045,0.012,-0.152,0.152,1,Moderate PFZ
10/5/2026,19.25,87.9167,30.042,0.0044,0,-0.186,0.186,1,Moderate PFZ
10/5/2026,19.25,88,30.003,0.0032,-0.016,-0.221,0.221,1,Moderate PFZ
10/5/2026,19.25,88.0833,29.993,0.0023,-0.019,-0.271,0.271,1,Moderate PFZ
10/5/2026,19.25,88.1667,30.019,0.0049,-0.027,-0.317,0.318,1,Moderate PFZ
10/5/2026,19.25,88.25,29.936,0.0082,-0.04,-0.367,0.369,2,Strong PFZ
10/5/2026,19.25,88.3333,29.829,0.0069,-0.017,-0.403,0.404,2,Strong PFZ
10/5/2026,19.25,88.4167,29.805,0.0035,0.021,-0.421,0.422,1,Moderate PFZ
10/5/2026,19.25,88.5,29.784,0.0012,0.05,-0.395,0.398,1,Moderate PFZ
10/5/2026,19.25,88.5833,29.802,0.0018,0.079,-0.339,0.348,1,Moderate PFZ
10/5/2026,19.25,88.6667,29.82,0.0026,0.108,-0.267,0.288,1,Moderate PFZ
10/5/2026,19.25,88.75,29.803,0.0035,0.136,-0.214,0.254,1,Moderate PFZ
10/5/2026,19.25,88.8333,29.807,0.006,0.167,-0.147,0.223,1,Moderate PFZ
10/5/2026,19.25,88.9167,29.902,0.0077,0.194,-0.082,0.21,1,Moderate PFZ
10/5/2026,19.25,89,29.968,0.0057,0.211,-0.02,0.212,1,Moderate PFZ
10/5/2026,19.25,89.0833,30.006,0.0029,0.215,0.032,0.217,0,No PFZ
10/5/2026,19.25,89.1667,30.013,0.0015,0.21,0.061,0.219,0,No PFZ
10/5/2026,19.25,89.25,30.019,0.0012,0.208,0.089,0.226,0,No PFZ
10/5/2026,19.25,89.3333,30.03,0.001,0.203,0.119,0.235,0,No PFZ
10/5/2026,19.25,89.4167,30.039,0.0003,0.181,0.1,0.207,0,No PFZ
10/5/2026,19.25,89.5,30.041,0.0009,0.14,0.046,0.148,0,No PFZ
10/5/2026,19.25,89.5833,30.034,0.0019,0.097,-0.001,0.097,0,No PFZ
10/5/2026,19.25,89.6667,30.01,0.0017,0.077,-0.009,0.077,0,No PFZ
10/5/2026,19.25,89.75,30,0.0003,0.086,0.016,0.087,0,No PFZ
10/5/2026,19.25,89.8333,30.025,0.0014,0.107,0.035,0.113,0,No PFZ
10/5/2026,19.25,89.9167,30.049,0.0013,0.128,0.045,0.136,0,No PFZ
10/5/2026,19.25,90,30.051,0.0006,0.148,0.048,0.156,0,No PFZ
10/5/2026,19.25,90.0833,30.046,0.0012,0.169,0.045,0.175,0,No PFZ
10/5/2026,19.25,90.1667,30.041,0.0018,0.189,0.037,0.193,0,No PFZ
10/5/2026,19.25,90.25,30.04,0.0021,0.208,0.025,0.21,0,No PFZ
10/5/2026,19.25,90.3333,30.036,0.0023,0.226,0.012,0.227,0,No PFZ
10/5/2026,19.25,90.4167,30.032,0.0023,0.243,-0.001,0.243,0,No PFZ
10/5/2026,19.25,90.5,30.031,0.0023,0.257,-0.013,0.257,0,No PFZ
10/5/2026,19.25,90.5833,30.036,0.0022,0.268,-0.023,0.269,0,No PFZ
10/5/2026,19.25,90.6667,30.044,0.002,0.278,-0.029,0.279,0,No PFZ
10/5/2026,19.25,90.75,30.047,0.0018,0.288,-0.03,0.29,0,No PFZ
10/5/2026,19.25,90.8333,30.045,0.0019,0.3,-0.028,0.302,1,Moderate PFZ
10/5/2026,19.25,90.9167,30.044,0.0021,0.312,-0.028,0.314,1,Moderate PFZ
10/5/2026,19.25,91,30.038,0.0023,0.322,-0.033,0.324,1,Moderate PFZ
10/5/2026,19.25,91.0833,30.022,0.0025,0.328,-0.046,0.331,1,Moderate PFZ
10/5/2026,19.25,91.1667,30.012,0.0025,0.33,-0.068,0.337,1,Moderate PFZ
10/5/2026,19.25,91.25,30.005,0.0026,0.326,-0.097,0.34,1,Moderate PFZ
10/5/2026,19.25,91.3333,30.013,0.0034,0.316,-0.131,0.342,1,Moderate PFZ
10/5/2026,19.25,91.4167,30.049,0.0039,0.3,-0.171,0.345,1,Moderate PFZ
10/5/2026,19.25,91.5,30.088,0.0028,0.28,-0.211,0.351,1,Moderate PFZ
10/5/2026,19.25,91.5833,30.089,0.0016,0.262,-0.245,0.358,1,Moderate PFZ
10/5/2026,19.25,91.6667,30.085,0.0014,0.241,-0.254,0.351,1,Moderate PFZ
10/5/2026,19.25,91.75,30.078,0.0019,0.212,-0.23,0.312,1,Moderate PFZ
10/5/2026,19.25,91.8333,30.062,0.0036,0.168,-0.193,0.256,1,Moderate PFZ
10/5/2026,19.25,91.9167,30.001,0.0036,0.117,-0.142,0.184,0,No PFZ
10/5/2026,19.25,92,29.981,0.0012,0.085,-0.104,0.135,0,No PFZ
10/5/2026,19.25,92.0833,29.987,0.0008,0.095,-0.124,0.157,0,No PFZ
10/5/2026,19.25,92.1667,30.021,0.0006,0.129,-0.17,0.213,0,No PFZ
10/5/2026,19.25,92.25,30.011,0.004,0.158,-0.215,0.267,1,Moderate PFZ
10/5/2026,19.25,92.3333,29.975,0.0064,0.169,-0.237,0.291,1,Moderate PFZ
10/5/2026,19.25,92.4167,29.949,0.0068,0.163,-0.23,0.282,1,Moderate PFZ
10/5/2026,19.25,92.5,29.918,0.0059,0.155,-0.213,0.263,1,Moderate PFZ
10/5/2026,19.25,92.5833,29.96,0.0046,0.133,-0.18,0.224,1,Moderate PFZ
10/5/2026,19.25,92.6667,29.992,0.0064,0.064,-0.102,0.121,1,Moderate PFZ
10/5/2026,19.25,92.75,29.834,0.008,-0.02,0.012,0.023,0,No PFZ
10/5/2026,19.25,92.8333,29.754,0.002,-0.063,0.038,0.073,0,No PFZ
10/5/2026,19.25,92.9167,29.823,0.0053,-0.052,-0.006,0.053,0,No PFZ
10/5/2026,19.25,93,29.914,0.0045,-0.027,-0.035,0.045,0,No PFZ
10/5/2026,19.25,93.0833,29.902,0.0023,-0.009,-0.096,0.097,0,No PFZ
10/5/2026,19.3333,87.8333,30.058,0.0047,0.022,-0.149,0.15,1,Moderate PFZ
10/5/2026,19.3333,87.9167,30.018,0.0042,0.015,-0.181,0.182,1,Moderate PFZ
10/5/2026,19.3333,88,29.974,0.0029,0,-0.22,0.22,1,Moderate PFZ
10/5/2026,19.3333,88.0833,29.996,0.0027,-0.008,-0.27,0.27,1,Moderate PFZ
10/5/2026,19.3333,88.1667,29.979,0.0058,-0.027,-0.316,0.317,1,Moderate PFZ
10/5/2026,19.3333,88.25,29.892,0.0072,-0.042,-0.387,0.389,2,Strong PFZ
10/5/2026,19.3333,88.3333,29.806,0.0047,-0.023,-0.44,0.441,2,Strong PFZ
10/5/2026,19.3333,88.4167,29.822,0.0023,0.004,-0.458,0.458,1,Moderate PFZ
10/5/2026,19.3333,88.5,29.793,0.0012,0.029,-0.43,0.431,1,Moderate PFZ
10/5/2026,19.3333,88.5833,29.798,0.0009,0.06,-0.38,0.385,1,Moderate PFZ
10/5/2026,19.3333,88.6667,29.799,0.0024,0.088,-0.32,0.332,1,Moderate PFZ
10/5/2026,19.3333,88.75,29.773,0.0036,0.115,-0.27,0.294,1,Moderate PFZ
10/5/2026,19.3333,88.8333,29.802,0.0066,0.145,-0.191,0.239,1,Moderate PFZ
10/5/2026,19.3333,88.9167,29.887,0.0082,0.175,-0.103,0.203,1,Moderate PFZ
10/5/2026,19.3333,89,29.965,0.0061,0.201,-0.024,0.202,1,Moderate PFZ
10/5/2026,19.3333,89.0833,29.987,0.0034,0.215,0.036,0.218,1,Moderate PFZ
10/5/2026,19.3333,89.1667,30.013,0.0018,0.217,0.078,0.231,0,No PFZ
10/5/2026,19.3333,89.25,30.016,0.0011,0.213,0.103,0.236,0,No PFZ
10/5/2026,19.3333,89.3333,30.025,0.0009,0.211,0.131,0.248,0,No PFZ
10/5/2026,19.3333,89.4167,30.034,0.0007,0.204,0.137,0.246,0,No PFZ
10/5/2026,19.3333,89.5,30.039,0.0005,0.176,0.095,0.2,0,No PFZ
10/5/2026,19.3333,89.5833,30.047,0.0012,0.133,0.035,0.138,0,No PFZ
10/5/2026,19.3333,89.6667,30.04,0.0021,0.097,-0.004,0.097,0,No PFZ
10/5/2026,19.3333,89.75,30.007,0.0016,0.084,-0.007,0.084,0,No PFZ
10/5/2026,19.3333,89.8333,29.994,0.0003,0.097,0.012,0.098,0,No PFZ
10/5/2026,19.3333,89.9167,30.016,0.0018,0.123,0.027,0.125,0,No PFZ
10/5/2026,19.3333,90,30.044,0.0018,0.149,0.035,0.153,0,No PFZ
10/5/2026,19.3333,90.0833,30.059,0.0013,0.172,0.034,0.176,0,No PFZ
10/5/2026,19.3333,90.1667,30.064,0.0015,0.192,0.027,0.194,0,No PFZ
10/5/2026,19.3333,90.25,30.067,0.0021,0.211,0.017,0.212,0,No PFZ
10/5/2026,19.3333,90.3333,30.063,0.0027,0.229,0.005,0.23,0,No PFZ
10/5/2026,19.3333,90.4167,30.062,0.0032,0.247,-0.008,0.247,1,Moderate PFZ
10/5/2026,19.3333,90.5,30.063,0.0034,0.262,-0.02,0.262,1,Moderate PFZ
10/5/2026,19.3333,90.5833,30.066,0.0033,0.274,-0.03,0.276,1,Moderate PFZ
10/5/2026,19.3333,90.6667,30.069,0.0031,0.285,-0.037,0.288,1,Moderate PFZ
10/5/2026,19.3333,90.75,30.066,0.0029,0.296,-0.04,0.298,1,Moderate PFZ
10/5/2026,19.3333,90.8333,30.062,0.0029,0.306,-0.04,0.308,1,Moderate PFZ
10/5/2026,19.3333,90.9167,30.06,0.0028,0.314,-0.039,0.317,1,Moderate PFZ
10/5/2026,19.3333,91,30.05,0.0029,0.321,-0.041,0.324,1,Moderate PFZ
10/5/2026,19.3333,91.0833,30.036,0.003,0.327,-0.049,0.33,1,Moderate PFZ
10/5/2026,19.3333,91.1667,30.033,0.0032,0.329,-0.066,0.336,1,Moderate PFZ
10/5/2026,19.3333,91.25,30.028,0.0034,0.327,-0.092,0.34,1,Moderate PFZ
10/5/2026,19.3333,91.3333,30.036,0.0039,0.32,-0.124,0.344,1,Moderate PFZ
10/5/2026,19.3333,91.4167,30.07,0.0039,0.308,-0.161,0.348,1,Moderate PFZ
10/5/2026,19.3333,91.5,30.103,0.0025,0.293,-0.198,0.354,1,Moderate PFZ
10/5/2026,19.3333,91.5833,30.098,0.0013,0.279,-0.225,0.358,1,Moderate PFZ
10/5/2026,19.3333,91.6667,30.096,0.0018,0.256,-0.224,0.341,1,Moderate PFZ
10/5/2026,19.3333,91.75,30.08,0.0036,0.219,-0.201,0.297,1,Moderate PFZ
10/5/2026,19.3333,91.8333,30.034,0.0047,0.163,-0.159,0.227,1,Moderate PFZ
10/5/2026,19.3333,91.9167,29.98,0.0027,0.104,-0.102,0.146,0,No PFZ
10/5/2026,19.3333,92,29.972,0.0008,0.089,-0.089,0.126,0,No PFZ
10/5/2026,19.3333,92.0833,30.016,0.0008,0.116,-0.132,0.176,0,No PFZ
10/5/2026,19.3333,92.1667,30.036,0.0044,0.149,-0.189,0.24,1,Moderate PFZ
10/5/2026,19.3333,92.25,29.961,0.0085,0.165,-0.235,0.287,1,Moderate PFZ
10/5/2026,19.3333,92.3333,29.89,0.0085,0.162,-0.247,0.295,1,Moderate PFZ
10/5/2026,19.3333,92.4167,29.85,0.0069,0.153,-0.228,0.274,1,Moderate PFZ
10/5/2026,19.3333,92.5,29.842,0.0059,0.141,-0.197,0.242,1,Moderate PFZ
10/5/2026,19.3333,92.5833,29.905,0.0053,0.105,-0.146,0.18,1,Moderate PFZ
10/5/2026,19.3333,92.6667,29.952,0.0053,0.022,-0.054,0.059,0,No PFZ
10/5/2026,19.3333,92.75,29.83,0.0045,-0.051,0.05,0.072,0,No PFZ
10/5/2026,19.3333,92.8333,29.779,0.0031,-0.064,0.034,0.073,0,No PFZ
10/5/2026,19.3333,92.9167,29.88,0.0054,-0.041,-0.014,0.044,0,No PFZ
10/5/2026,19.3333,93,29.918,0.0026,-0.021,-0.047,0.051,0,No PFZ
10/5/2026,19.3333,93.0833,29.89,0.0007,-0.008,-0.102,0.102,0,No PFZ
10/5/2026,19.4167,87.8333,30.006,0.0031,0.041,-0.153,0.158,0,No PFZ
10/5/2026,19.4167,87.9167,29.977,0.0028,0.04,-0.185,0.189,0,No PFZ
10/5/2026,19.4167,88,29.947,0.0019,0.022,-0.229,0.23,1,Moderate PFZ
10/5/2026,19.4167,88.0833,29.979,0.0029,-0.004,-0.261,0.261,1,Moderate PFZ
10/5/2026,19.4167,88.1667,29.928,0.0054,-0.039,-0.305,0.308,1,Moderate PFZ
10/5/2026,19.4167,88.25,29.866,0.0051,-0.057,-0.392,0.396,2,Strong PFZ
10/5/2026,19.4167,88.3333,29.829,0.003,-0.049,-0.456,0.458,1,Moderate PFZ
10/5/2026,19.4167,88.4167,29.839,0.0024,-0.035,-0.474,0.475,1,Moderate PFZ
10/5/2026,19.4167,88.5,29.801,0.0024,-0.01,-0.459,0.459,1,Moderate PFZ
10/5/2026,19.4167,88.5833,29.799,0.0024,0.025,-0.416,0.416,1,Moderate PFZ
10/5/2026,19.4167,88.6667,29.776,0.0031,0.06,-0.363,0.368,1,Moderate PFZ
10/5/2026,19.4167,88.75,29.712,0.0033,0.09,-0.314,0.327,1,Moderate PFZ
10/5/2026,19.4167,88.8333,29.764,0.0077,0.119,-0.252,0.279,2,Strong PFZ
10/5/2026,19.4167,88.9167,29.873,0.0097,0.146,-0.153,0.212,2,Strong PFZ
10/5/2026,19.4167,89,29.959,0.0069,0.171,-0.052,0.179,1,Moderate PFZ
10/5/2026,19.4167,89.0833,29.976,0.0038,0.192,0.022,0.194,1,Moderate PFZ
10/5/2026,19.4167,89.1667,30.006,0.0022,0.203,0.08,0.218,0,No PFZ
10/5/2026,19.4167,89.25,30.019,0.0014,0.204,0.114,0.233,0,No PFZ
10/5/2026,19.4167,89.3333,30.025,0.001,0.204,0.139,0.246,0,No PFZ
10/5/2026,19.4167,89.4167,30.036,0.0008,0.204,0.159,0.259,0,No PFZ
10/5/2026,19.4167,89.5,30.038,0.0008,0.193,0.138,0.237,0,No PFZ
10/5/2026,19.4167,89.5833,30.053,0.0006,0.162,0.081,0.181,0,No PFZ
10/5/2026,19.4167,89.6667,30.062,0.0014,0.125,0.024,0.128,0,No PFZ
10/5/2026,19.4167,89.75,30.037,0.0023,0.1,-0.008,0.1,0,No PFZ
10/5/2026,19.4167,89.8333,30.003,0.0015,0.094,-0.011,0.094,0,No PFZ
10/5/2026,19.4167,89.9167,29.998,0.0008,0.108,0.004,0.108,0,No PFZ
10/5/2026,19.4167,90,30.016,0.002,0.132,0.015,0.133,0,No PFZ
10/5/2026,19.4167,90.0833,30.052,0.0022,0.157,0.019,0.158,0,No PFZ
10/5/2026,19.4167,90.1667,30.075,0.0019,0.181,0.014,0.181,0,No PFZ
10/5/2026,19.4167,90.25,30.09,0.0017,0.203,0.006,0.203,0,No PFZ
10/5/2026,19.4167,90.3333,30.096,0.0022,0.223,-0.005,0.223,0,No PFZ
10/5/2026,19.4167,90.4167,30.103,0.0028,0.24,-0.017,0.24,1,Moderate PFZ
10/5/2026,19.4167,90.5,30.108,0.0031,0.254,-0.029,0.256,1,Moderate PFZ
10/5/2026,19.4167,90.5833,30.111,0.0031,0.266,-0.039,0.269,1,Moderate PFZ
10/5/2026,19.4167,90.6667,30.111,0.0031,0.276,-0.046,0.279,1,Moderate PFZ
10/5/2026,19.4167,90.75,30.106,0.0032,0.285,-0.048,0.289,1,Moderate PFZ
10/5/2026,19.4167,90.8333,30.101,0.0034,0.293,-0.047,0.297,1,Moderate PFZ
10/5/2026,19.4167,90.9167,30.094,0.0035,0.3,-0.046,0.303,1,Moderate PFZ
10/5/2026,19.4167,91,30.077,0.0037,0.307,-0.046,0.31,1,Moderate PFZ
10/5/2026,19.4167,91.0833,30.068,0.0039,0.313,-0.051,0.318,1,Moderate PFZ
10/5/2026,19.4167,91.1667,30.07,0.004,0.318,-0.065,0.325,1,Moderate PFZ
10/5/2026,19.4167,91.25,30.066,0.0042,0.32,-0.088,0.332,1,Moderate PFZ
10/5/2026,19.4167,91.3333,30.075,0.0043,0.318,-0.118,0.339,1,Moderate PFZ
10/5/2026,19.4167,91.4167,30.105,0.0036,0.309,-0.151,0.344,1,Moderate PFZ
10/5/2026,19.4167,91.5,30.12,0.0019,0.3,-0.182,0.351,1,Moderate PFZ
10/5/2026,19.4167,91.5833,30.11,0.0015,0.288,-0.201,0.351,1,Moderate PFZ
10/5/2026,19.4167,91.6667,30.109,0.0038,0.258,-0.195,0.324,1,Moderate PFZ
10/5/2026,19.4167,91.75,30.058,0.0056,0.201,-0.168,0.262,1,Moderate PFZ
10/5/2026,19.4167,91.8333,30.007,0.0044,0.131,-0.104,0.167,0,No PFZ
10/5/2026,19.4167,91.9167,29.963,0.0005,0.09,-0.062,0.109,0,No PFZ
10/5/2026,19.4167,92,29.99,0.0022,0.103,-0.098,0.142,0,No PFZ
10/5/2026,19.4167,92.0833,30.06,0.0026,0.136,-0.156,0.207,0,No PFZ
10/5/2026,19.4167,92.1667,29.995,0.0092,0.149,-0.212,0.259,1,Moderate PFZ
10/5/2026,19.4167,92.25,29.835,0.0092,0.14,-0.242,0.279,1,Moderate PFZ
10/5/2026,19.4167,92.3333,29.793,0.0055,0.124,-0.236,0.267,1,Moderate PFZ
10/5/2026,19.4167,92.4167,29.775,0.0028,0.108,-0.208,0.234,1,Moderate PFZ
10/5/2026,19.4167,92.5,29.798,0.0035,0.074,-0.154,0.17,0,No PFZ
10/5/2026,19.4167,92.5833,29.876,0.0037,-0.001,-0.082,0.082,0,No PFZ
10/5/2026,19.4167,92.6667,29.858,0.0027,-0.077,-0.006,0.077,0,No PFZ
10/5/2026,19.4167,92.75,29.798,0.0011,-0.088,0.036,0.095,0,No PFZ
10/5/2026,19.4167,92.8333,29.848,0.0049,-0.059,0.013,0.06,0,No PFZ
10/5/2026,19.4167,92.9167,29.918,0.0043,-0.035,-0.028,0.045,0,No PFZ
10/5/2026,19.4167,93,29.911,0.0018,-0.016,-0.077,0.078,0,No PFZ
10/5/2026,19.4167,93.0833,29.895,0.0016,-0.009,-0.095,0.095,0,No PFZ
10/5/2026,19.5,87.8333,30.01,0.0031,0.036,-0.169,0.173,1,Moderate PFZ
10/5/2026,19.5,87.9167,29.98,0.0029,0.042,-0.203,0.208,1,Moderate PFZ
10/5/2026,19.5,88,29.947,0.0024,0.029,-0.227,0.229,1,Moderate PFZ
10/5/2026,19.5,88.0833,29.972,0.0033,-0.014,-0.232,0.233,1,Moderate PFZ
10/5/2026,19.5,88.1667,29.89,0.0045,-0.061,-0.286,0.292,1,Moderate PFZ
10/5/2026,19.5,88.25,29.871,0.0033,-0.081,-0.377,0.385,1,Moderate PFZ
10/5/2026,19.5,88.3333,29.837,0.0029,-0.084,-0.444,0.452,2,Strong PFZ
10/5/2026,19.5,88.4167,29.85,0.0035,-0.08,-0.48,0.486,2,Strong PFZ
10/5/2026,19.5,88.5,29.818,0.0041,-0.057,-0.485,0.488,2,Strong PFZ
10/5/2026,19.5,88.5833,29.809,0.0047,-0.02,-0.458,0.458,2,Strong PFZ
10/5/2026,19.5,88.6667,29.758,0.005,0.022,-0.412,0.413,2,Strong PFZ
10/5/2026,19.5,88.75,29.691,0.0018,0.063,-0.35,0.356,2,Strong PFZ
10/5/2026,19.5,88.8333,29.689,0.007,0.093,-0.291,0.305,2,Strong PFZ
10/5/2026,19.5,88.9167,29.847,0.0114,0.114,-0.213,0.241,2,Strong PFZ
10/5/2026,19.5,89,29.944,0.0088,0.132,-0.098,0.164,1,Moderate PFZ
10/5/2026,19.5,89.0833,29.982,0.0049,0.151,-0.006,0.151,1,Moderate PFZ
10/5/2026,19.5,89.1667,30.006,0.0028,0.169,0.067,0.181,0,No PFZ
10/5/2026,19.5,89.25,30.031,0.0016,0.178,0.113,0.211,0,No PFZ
10/5/2026,19.5,89.3333,30.031,0.0009,0.182,0.139,0.229,0,No PFZ
10/5/2026,19.5,89.4167,30.037,0.0007,0.189,0.167,0.252,0,No PFZ
10/5/2026,19.5,89.5,30.043,0.0008,0.192,0.167,0.254,0,No PFZ
10/5/2026,19.5,89.5833,30.053,0.0006,0.179,0.125,0.218,0,No PFZ
10/5/2026,19.5,89.6667,30.056,0.0005,0.15,0.06,0.162,0,No PFZ
10/5/2026,19.5,89.75,30.05,0.0017,0.119,0.007,0.119,0,No PFZ
10/5/2026,19.5,89.8333,30.031,0.002,0.096,-0.016,0.097,0,No PFZ
10/5/2026,19.5,89.9167,30.02,0.0015,0.086,-0.014,0.087,0,No PFZ
10/5/2026,19.5,90,30.026,0.0014,0.094,-0.011,0.095,0,No PFZ
10/5/2026,19.5,90.0833,30.037,0.0018,0.118,-0.012,0.118,0,No PFZ
10/5/2026,19.5,90.1667,30.057,0.0023,0.15,-0.015,0.151,0,No PFZ
10/5/2026,19.5,90.25,30.087,0.0023,0.183,-0.017,0.184,0,No PFZ
10/5/2026,19.5,90.3333,30.107,0.0021,0.211,-0.022,0.212,0,No PFZ
10/5/2026,19.5,90.4167,30.121,0.002,0.233,-0.029,0.234,0,No PFZ
10/5/2026,19.5,90.5,30.128,0.002,0.249,-0.039,0.252,0,No PFZ
10/5/2026,19.5,90.5833,30.131,0.0021,0.26,-0.048,0.264,0,No PFZ
10/5/2026,19.5,90.6667,30.131,0.0022,0.268,-0.054,0.273,1,Moderate PFZ
10/5/2026,19.5,90.75,30.136,0.0025,0.273,-0.057,0.279,1,Moderate PFZ
10/5/2026,19.5,90.8333,30.136,0.0026,0.278,-0.058,0.284,1,Moderate PFZ
10/5/2026,19.5,90.9167,30.133,0.0029,0.283,-0.056,0.289,1,Moderate PFZ
10/5/2026,19.5,91,30.12,0.0033,0.291,-0.055,0.296,1,Moderate PFZ
10/5/2026,19.5,91.0833,30.12,0.0036,0.298,-0.059,0.304,1,Moderate PFZ
10/5/2026,19.5,91.1667,30.118,0.0036,0.306,-0.069,0.314,1,Moderate PFZ
10/5/2026,19.5,91.25,30.113,0.0036,0.313,-0.088,0.325,1,Moderate PFZ
10/5/2026,19.5,91.3333,30.126,0.0034,0.313,-0.113,0.333,1,Moderate PFZ
10/5/2026,19.5,91.4167,30.143,0.0021,0.308,-0.139,0.338,1,Moderate PFZ
10/5/2026,19.5,91.5,30.138,0.0014,0.302,-0.162,0.343,1,Moderate PFZ
10/5/2026,19.5,91.5833,30.122,0.0042,0.285,-0.169,0.331,1,Moderate PFZ
10/5/2026,19.5,91.6667,30.099,0.007,0.23,-0.161,0.281,1,Moderate PFZ
10/5/2026,19.5,91.75,29.98,0.0061,0.15,-0.115,0.189,1,Moderate PFZ
10/5/2026,19.5,91.8333,29.966,0.0021,0.089,-0.041,0.098,0,No PFZ
10/5/2026,19.5,91.9167,29.952,0.0024,0.087,-0.064,0.108,0,No PFZ
10/5/2026,19.5,92,30.039,0.0016,0.122,-0.125,0.175,0,No PFZ
10/5/2026,19.5,92.0833,30.075,0.0071,0.137,-0.18,0.226,1,Moderate PFZ
10/5/2026,19.5,92.1667,29.844,0.0099,0.111,-0.213,0.24,1,Moderate PFZ
10/5/2026,19.5,92.25,29.795,0.0048,0.077,-0.214,0.228,1,Moderate PFZ
10/5/2026,19.5,92.3333,29.814,0.0023,0.054,-0.21,0.217,1,Moderate PFZ
10/5/2026,19.5,92.4167,29.792,0.0024,0.021,-0.159,0.16,0,No PFZ
10/5/2026,19.5,92.5,29.812,0.0025,-0.041,-0.076,0.086,0,No PFZ
10/5/2026,19.5,92.5833,29.825,0.0017,-0.103,-0.024,0.106,0,No PFZ
10/5/2026,19.5,92.6667,29.838,0.0019,-0.118,-0.009,0.119,0,No PFZ
10/5/2026,19.5,92.75,29.835,0.0046,-0.089,-0.016,0.091,0,No PFZ
10/5/2026,19.5,92.8333,29.904,0.0055,-0.061,-0.033,0.07,0,No PFZ
10/5/2026,19.5,92.9167,29.935,0.0041,-0.041,-0.061,0.073,0,No PFZ
10/5/2026,19.5,93,29.904,0.0042,-0.017,-0.091,0.093,0,No PFZ
10/5/2026,19.5,93.0833,29.918,0.0044,-0.017,-0.08,0.082,0,No PFZ
10/5/2026,19.5833,87.8333,30.059,0.0042,-0.007,-0.188,0.188,1,Moderate PFZ
10/5/2026,19.5833,87.9167,30.01,0.0041,0.016,-0.22,0.221,1,Moderate PFZ
10/5/2026,19.5833,88,29.988,0.0038,0.012,-0.202,0.203,1,Moderate PFZ
10/5/2026,19.5833,88.0833,29.979,0.0043,-0.039,-0.186,0.19,1,Moderate PFZ
10/5/2026,19.5833,88.1667,29.883,0.0039,-0.093,-0.25,0.266,1,Moderate PFZ
10/5/2026,19.5833,88.25,29.887,0.0036,-0.117,-0.338,0.358,1,Moderate PFZ
10/5/2026,19.5833,88.3333,29.87,0.0048,-0.129,-0.408,0.428,2,Strong PFZ
10/5/2026,19.5833,88.4167,29.887,0.0057,-0.133,-0.465,0.484,2,Strong PFZ
10/5/2026,19.5833,88.5,29.864,0.0066,-0.116,-0.501,0.514,2,Strong PFZ
10/5/2026,19.5833,88.5833,29.844,0.0077,-0.082,-0.503,0.509,2,Strong PFZ
10/5/2026,19.5833,88.6667,29.779,0.0086,-0.04,-0.467,0.469,2,Strong PFZ
10/5/2026,19.5833,88.75,29.7,0.0059,0.005,-0.398,0.398,2,Strong PFZ
10/5/2026,19.5833,88.8333,29.653,0.0031,0.045,-0.317,0.32,2,Strong PFZ
10/5/2026,19.5833,88.9167,29.781,0.0113,0.076,-0.247,0.259,2,Strong PFZ
10/5/2026,19.5833,89,29.918,0.0111,0.093,-0.138,0.166,1,Moderate PFZ
10/5/2026,19.5833,89.0833,29.986,0.0066,0.106,-0.026,0.109,1,Moderate PFZ
10/5/2026,19.5833,89.1667,30.016,0.0035,0.124,0.047,0.132,0,No PFZ
10/5/2026,19.5833,89.25,30.043,0.0017,0.139,0.098,0.171,0,No PFZ
10/5/2026,19.5833,89.3333,30.041,0.0007,0.151,0.131,0.2,0,No PFZ
10/5/2026,19.5833,89.4167,30.037,0.0006,0.165,0.161,0.231,0,No PFZ
10/5/2026,19.5833,89.5,30.04,0.0007,0.178,0.178,0.251,0,No PFZ
10/5/2026,19.5833,89.5833,30.047,0.0006,0.18,0.155,0.238,0,No PFZ
10/5/2026,19.5833,89.6667,30.052,0.0004,0.165,0.099,0.192,0,No PFZ
10/5/2026,19.5833,89.75,30.057,0.0011,0.136,0.038,0.141,0,No PFZ
10/5/2026,19.5833,89.8333,30.048,0.0017,0.106,0.001,0.106,0,No PFZ
10/5/2026,19.5833,89.9167,30.043,0.0016,0.085,-0.02,0.088,0,No PFZ
10/5/2026,19.5833,90,30.05,0.0013,0.084,-0.038,0.092,0,No PFZ
10/5/2026,19.5833,90.0833,30.045,0.0016,0.108,-0.054,0.121,0,No PFZ
10/5/2026,19.5833,90.1667,30.058,0.0024,0.146,-0.051,0.155,0,No PFZ
10/5/2026,19.5833,90.25,30.08,0.0028,0.183,-0.038,0.187,0,No PFZ
10/5/2026,19.5833,90.3333,30.105,0.0024,0.214,-0.031,0.216,0,No PFZ
10/5/2026,19.5833,90.4167,30.122,0.0019,0.236,-0.033,0.239,0,No PFZ
10/5/2026,19.5833,90.5,30.135,0.0016,0.252,-0.039,0.255,0,No PFZ
10/5/2026,19.5833,90.5833,30.142,0.0014,0.263,-0.047,0.267,0,No PFZ
10/5/2026,19.5833,90.6667,30.146,0.0014,0.269,-0.054,0.275,0,No PFZ
10/5/2026,19.5833,90.75,30.154,0.0013,0.275,-0.058,0.281,0,No PFZ
10/5/2026,19.5833,90.8333,30.155,0.0012,0.279,-0.059,0.286,0,No PFZ
10/5/2026,19.5833,90.9167,30.152,0.0013,0.285,-0.059,0.291,0,No PFZ
10/5/2026,19.5833,91,30.15,0.0017,0.292,-0.058,0.298,1,Moderate PFZ
10/5/2026,19.5833,91.0833,30.152,0.0017,0.299,-0.063,0.306,1,Moderate PFZ
10/5/2026,19.5833,91.1667,30.146,0.0016,0.308,-0.071,0.316,1,Moderate PFZ
10/5/2026,19.5833,91.25,30.143,0.0014,0.313,-0.088,0.325,1,Moderate PFZ
10/5/2026,19.5833,91.3333,30.154,0.0003,0.311,-0.107,0.329,1,Moderate PFZ
10/5/2026,19.5833,91.4167,30.157,0.002,0.306,-0.123,0.33,1,Moderate PFZ
10/5/2026,19.5833,91.5,30.142,0.0055,0.292,-0.138,0.323,1,Moderate PFZ
10/5/2026,19.5833,91.5833,30.121,0.0084,0.246,-0.133,0.28,1,Moderate PFZ
10/5/2026,19.5833,91.6667,29.997,0.008,0.156,-0.103,0.187,1,Moderate PFZ
10/5/2026,19.5833,91.75,29.934,0.0037,0.08,-0.043,0.091,0,No PFZ
10/5/2026,19.5833,91.8333,29.98,0.0019,0.068,-0.02,0.071,0,No PFZ
10/5/2026,19.5833,91.9167,29.973,0.0032,0.103,-0.096,0.141,0,No PFZ
10/5/2026,19.5833,92,30.115,0.0019,0.131,-0.149,0.198,0,No PFZ
10/5/2026,19.5833,92.0833,29.98,0.0092,0.098,-0.174,0.2,1,Moderate PFZ
10/5/2026,19.5833,92.1667,29.79,0.0059,0.036,-0.156,0.16,1,Moderate PFZ
10/5/2026,19.5833,92.25,29.884,0.0037,-0.001,-0.153,0.153,1,Moderate PFZ
10/5/2026,19.5833,92.3333,29.862,0.0047,-0.026,-0.164,0.166,0,No PFZ
10/5/2026,19.5833,92.4167,29.85,0.0047,-0.061,-0.1,0.118,0,No PFZ
10/5/2026,19.5833,92.5,29.866,0.0042,-0.1,-0.038,0.107,0,No PFZ
10/5/2026,19.5833,92.5833,29.855,0.0038,-0.118,-0.024,0.12,0,No PFZ
10/5/2026,19.5833,92.6667,29.88,0.0045,-0.102,-0.041,0.109,0,No PFZ
10/5/2026,19.5833,92.75,29.929,0.0056,-0.074,-0.051,0.09,0,No PFZ
10/5/2026,19.5833,92.8333,29.947,0.0051,-0.059,-0.072,0.093,0,No PFZ
10/5/2026,19.5833,92.9167,29.946,0.0058,-0.038,-0.103,0.109,1,Moderate PFZ
10/5/2026,19.5833,93,29.989,0.0086,-0.008,-0.103,0.103,1,Moderate PFZ
10/5/2026,19.5833,93.0833,29.96,0.0088,0,-0.078,0.078,1,Moderate PFZ
10/5/2026,19.6667,87.8333,30.093,0.0037,-0.064,-0.213,0.222,1,Moderate PFZ
10/5/2026,19.6667,87.9167,30.044,0.0042,-0.021,-0.24,0.241,1,Moderate PFZ
10/5/2026,19.6667,88,30.015,0.0045,-0.017,-0.183,0.184,1,Moderate PFZ
10/5/2026,19.6667,88.0833,29.957,0.0039,-0.071,-0.14,0.157,1,Moderate PFZ
10/5/2026,19.6667,88.1667,29.904,0.0041,-0.129,-0.198,0.236,1,Moderate PFZ
10/5/2026,19.6667,88.25,29.919,0.0061,-0.161,-0.276,0.32,2,Strong PFZ
10/5/2026,19.6667,88.3333,29.933,0.0071,-0.185,-0.349,0.395,2,Strong PFZ
10/5/2026,19.6667,88.4167,29.953,0.0075,-0.195,-0.426,0.468,2,Strong PFZ
10/5/2026,19.6667,88.5,29.945,0.0083,-0.193,-0.49,0.526,2,Strong PFZ
10/5/2026,19.6667,88.5833,29.929,0.0097,-0.175,-0.52,0.549,2,Strong PFZ
10/5/2026,19.6667,88.6667,29.871,0.0117,-0.144,-0.509,0.529,2,Strong PFZ
10/5/2026,19.6667,88.75,29.784,0.0114,-0.102,-0.453,0.464,2,Strong PFZ
10/5/2026,19.6667,88.8333,29.667,0.0048,-0.045,-0.36,0.363,2,Strong PFZ
10/5/2026,19.6667,88.9167,29.671,0.008,0.015,-0.277,0.278,2,Strong PFZ
10/5/2026,19.6667,89,29.898,0.0121,0.054,-0.171,0.179,1,Moderate PFZ
10/5/2026,19.6667,89.0833,29.978,0.0081,0.069,-0.042,0.08,1,Moderate PFZ
10/5/2026,19.6667,89.1667,30.012,0.0043,0.082,0.031,0.088,0,No PFZ
10/5/2026,19.6667,89.25,30.041,0.0025,0.101,0.082,0.13,0,No PFZ
10/5/2026,19.6667,89.3333,30.051,0.0012,0.118,0.119,0.168,0,No PFZ
10/5/2026,19.6667,89.4167,30.052,0.0006,0.136,0.153,0.205,0,No PFZ
10/5/2026,19.6667,89.5,30.06,0.0005,0.156,0.178,0.236,0,No PFZ
10/5/2026,19.6667,89.5833,30.063,0.0005,0.169,0.171,0.24,0,No PFZ
10/5/2026,19.6667,89.6667,30.062,0.0006,0.168,0.129,0.212,0,No PFZ
10/5/2026,19.6667,89.75,30.064,0.001,0.153,0.076,0.17,0,No PFZ
10/5/2026,19.6667,89.8333,30.063,0.0015,0.131,0.028,0.134,0,No PFZ
10/5/2026,19.6667,89.9167,30.051,0.0015,0.116,-0.021,0.118,0,No PFZ
10/5/2026,19.6667,90,30.051,0.0016,0.117,-0.071,0.137,0,No PFZ
10/5/2026,19.6667,90.0833,30.049,0.0022,0.135,-0.085,0.159,0,No PFZ
10/5/2026,19.6667,90.1667,30.077,0.0029,0.158,-0.063,0.171,0,No PFZ
10/5/2026,19.6667,90.25,30.108,0.0029,0.177,-0.039,0.181,0,No PFZ
10/5/2026,19.6667,90.3333,30.137,0.0021,0.19,-0.028,0.192,0,No PFZ
10/5/2026,19.6667,90.4167,30.146,0.0014,0.202,-0.032,0.204,0,No PFZ
10/5/2026,19.6667,90.5,30.156,0.0009,0.216,-0.041,0.22,0,No PFZ
10/5/2026,19.6667,90.5833,30.158,0.0007,0.233,-0.051,0.238,0,No PFZ
10/5/2026,19.6667,90.6667,30.162,0.0004,0.25,-0.058,0.256,0,No PFZ
10/5/2026,19.6667,90.75,30.161,0.0002,0.265,-0.061,0.272,0,No PFZ
10/5/2026,19.6667,90.8333,30.154,0.0006,0.278,-0.062,0.285,0,No PFZ
10/5/2026,19.6667,90.9167,30.15,0.0009,0.288,-0.062,0.295,1,Moderate PFZ
10/5/2026,19.6667,91,30.155,0.0012,0.295,-0.06,0.301,1,Moderate PFZ
10/5/2026,19.6667,91.0833,30.154,0.0019,0.302,-0.063,0.308,1,Moderate PFZ
10/5/2026,19.6667,91.1667,30.149,0.0026,0.306,-0.069,0.313,1,Moderate PFZ
10/5/2026,19.6667,91.25,30.157,0.0037,0.303,-0.083,0.314,1,Moderate PFZ
10/5/2026,19.6667,91.3333,30.148,0.0057,0.297,-0.096,0.312,1,Moderate PFZ
10/5/2026,19.6667,91.4167,30.161,0.0082,0.277,-0.101,0.294,1,Moderate PFZ
10/5/2026,19.6667,91.5,30.086,0.0103,0.217,-0.105,0.241,1,Moderate PFZ
10/5/2026,19.6667,91.5833,29.986,0.0092,0.112,-0.071,0.132,1,Moderate PFZ
10/5/2026,19.6667,91.6667,29.899,0.0056,0.047,-0.023,0.052,1,Moderate PFZ
10/5/2026,19.6667,91.75,29.962,0.0035,0.051,-0.027,0.058,0,No PFZ
10/5/2026,19.6667,91.8333,29.997,0.0043,0.078,-0.063,0.1,0,No PFZ
10/5/2026,19.6667,91.9167,29.986,0.0045,0.119,-0.137,0.182,0,No PFZ
10/5/2026,19.6667,92,30.12,0.0043,0.113,-0.155,0.191,0,No PFZ
10/5/2026,19.6667,92.0833,29.871,0.0069,0.029,-0.115,0.119,0,No PFZ
10/5/2026,19.6667,92.1667,29.871,0.0032,-0.037,-0.068,0.077,0,No PFZ
10/5/2026,19.6667,92.25,29.936,0.0048,-0.065,-0.1,0.119,0,No PFZ
10/5/2026,19.6667,92.3333,29.902,0.0048,-0.086,-0.118,0.146,0,No PFZ
10/5/2026,19.6667,92.4167,29.911,0.0039,-0.095,-0.082,0.126,0,No PFZ
10/5/2026,19.6667,92.5,29.92,0.0027,-0.1,-0.046,0.11,0,No PFZ
10/5/2026,19.6667,92.5833,29.93,0.0027,-0.098,-0.051,0.111,0,No PFZ
10/5/2026,19.6667,92.6667,29.935,0.0039,-0.084,-0.078,0.115,0,No PFZ
10/5/2026,19.6667,92.75,29.959,0.0049,-0.055,-0.09,0.105,1,Moderate PFZ
10/5/2026,19.6667,92.8333,29.985,0.0061,-0.03,-0.1,0.104,1,Moderate PFZ
10/5/2026,19.6667,92.9167,29.96,0.0104,-0.004,-0.146,0.146,1,Moderate PFZ
10/5/2026,19.6667,93,30.132,0.0138,0.035,-0.121,0.126,1,Moderate PFZ
10/5/2026,19.6667,93.0833,30.071,0.0127,0.06,-0.083,0.103,1,Moderate PFZ
10/5/2026,19.75,87.8333,30.071,0.0033,-0.119,-0.235,0.263,1,Moderate PFZ
10/5/2026,19.75,87.9167,30.058,0.0043,-0.069,-0.261,0.27,1,Moderate PFZ
10/5/2026,19.75,88,29.998,0.0044,-0.05,-0.172,0.18,1,Moderate PFZ
10/5/2026,19.75,88.0833,29.951,0.0019,-0.1,-0.093,0.137,1,Moderate PFZ
10/5/2026,19.75,88.1667,29.979,0.0052,-0.159,-0.137,0.21,1,Moderate PFZ
10/5/2026,19.75,88.25,30.023,0.0073,-0.203,-0.208,0.291,2,Strong PFZ
10/5/2026,19.75,88.3333,30.02,0.0073,-0.239,-0.284,0.371,2,Strong PFZ
10/5/2026,19.75,88.4167,30.041,0.0071,-0.256,-0.369,0.449,2,Strong PFZ
10/5/2026,19.75,88.5,30.038,0.0076,-0.262,-0.448,0.519,2,Strong PFZ
10/5/2026,19.75,88.5833,30.024,0.0091,-0.267,-0.503,0.569,2,Strong PFZ
10/5/2026,19.75,88.6667,29.981,0.012,-0.266,-0.524,0.587,2,Strong PFZ
10/5/2026,19.75,88.75,29.876,0.0142,-0.24,-0.509,0.563,2,Strong PFZ
10/5/2026,19.75,88.8333,29.775,0.0112,-0.181,-0.445,0.48,2,Strong PFZ
10/5/2026,19.75,88.9167,29.687,0.0045,-0.101,-0.339,0.354,2,Strong PFZ
10/5/2026,19.75,89,29.855,0.0098,-0.018,-0.208,0.209,1,Moderate PFZ
10/5/2026,19.75,89.0833,29.953,0.0083,0.032,-0.07,0.077,1,Moderate PFZ
10/5/2026,19.75,89.1667,29.98,0.0047,0.05,0.013,0.051,0,No PFZ
10/5/2026,19.75,89.25,30.013,0.0034,0.07,0.068,0.097,0,No PFZ
10/5/2026,19.75,89.3333,30.033,0.0025,0.09,0.106,0.139,0,No PFZ
10/5/2026,19.75,89.4167,30.04,0.0017,0.108,0.142,0.178,0,No PFZ
10/5/2026,19.75,89.5,30.049,0.0011,0.128,0.17,0.213,0,No PFZ
10/5/2026,19.75,89.5833,30.048,0.0009,0.147,0.173,0.226,0,No PFZ
10/5/2026,19.75,89.6667,30.057,0.0012,0.158,0.145,0.215,0,No PFZ
10/5/2026,19.75,89.75,30.077,0.0012,0.157,0.103,0.188,0,No PFZ
10/5/2026,19.75,89.8333,30.084,0.0013,0.149,0.051,0.157,0,No PFZ
10/5/2026,19.75,89.9167,30.066,0.0017,0.145,-0.022,0.146,0,No PFZ
10/5/2026,19.75,90,30.066,0.0021,0.146,-0.078,0.165,0,No PFZ
10/5/2026,19.75,90.0833,30.081,0.0024,0.144,-0.079,0.164,0,No PFZ
10/5/2026,19.75,90.1667,30.103,0.0022,0.134,-0.052,0.144,0,No PFZ
10/5/2026,19.75,90.25,30.125,0.0017,0.124,-0.039,0.13,0,No PFZ
10/5/2026,19.75,90.3333,30.135,0.0014,0.129,-0.043,0.136,0,No PFZ
10/5/2026,19.75,90.4167,30.14,0.0012,0.15,-0.058,0.161,0,No PFZ
10/5/2026,19.75,90.5,30.147,0.001,0.181,-0.069,0.193,0,No PFZ
10/5/2026,19.75,90.5833,30.155,0.0008,0.212,-0.074,0.225,0,No PFZ
10/5/2026,19.75,90.6667,30.155,0.001,0.24,-0.073,0.251,0,No PFZ
10/5/2026,19.75,90.75,30.154,0.0022,0.26,-0.073,0.27,1,Moderate PFZ
10/5/2026,19.75,90.8333,30.143,0.0039,0.273,-0.07,0.282,1,Moderate PFZ
10/5/2026,19.75,90.9167,30.149,0.0064,0.278,-0.069,0.287,1,Moderate PFZ
10/5/2026,19.75,91,30.154,0.008,0.278,-0.065,0.285,1,Moderate PFZ
10/5/2026,19.75,91.0833,30.145,0.0087,0.276,-0.066,0.283,1,Moderate PFZ
10/5/2026,19.75,91.1667,30.132,0.0092,0.268,-0.074,0.278,1,Moderate PFZ
10/5/2026,19.75,91.25,30.148,0.01,0.248,-0.074,0.258,1,Moderate PFZ
10/5/2026,19.75,91.3333,30.054,0.0107,0.214,-0.086,0.231,1,Moderate PFZ
10/5/2026,19.75,91.4167,30.02,0.011,0.117,-0.063,0.133,1,Moderate PFZ
10/5/2026,19.75,91.5,29.888,0.0096,0.014,-0.051,0.053,1,Moderate PFZ
10/5/2026,19.75,91.5833,29.925,0.0071,-0.006,0.007,0.009,1,Moderate PFZ
10/5/2026,19.75,91.6667,29.969,0.0061,0.014,-0.05,0.052,0,No PFZ
10/5/2026,19.75,91.75,29.955,0.0062,0.045,-0.094,0.104,0,No PFZ
10/5/2026,19.75,91.8333,29.89,0.0059,0.087,-0.129,0.155,1,Moderate PFZ
10/5/2026,19.75,91.9167,29.903,0.0063,0.119,-0.166,0.204,1,Moderate PFZ
10/5/2026,19.75,92,30.036,0.0036,0.078,-0.121,0.144,0,No PFZ
10/5/2026,19.75,92.0833,29.871,0.0024,-0.007,-0.012,0.014,0,No PFZ
10/5/2026,19.75,92.1667,29.942,0.0031,-0.051,-0.018,0.054,0,No PFZ
10/5/2026,19.75,92.25,29.961,0.0041,-0.075,-0.072,0.104,0,No PFZ
10/5/2026,19.75,92.3333,29.966,0.0043,-0.1,-0.097,0.139,0,No PFZ
10/5/2026,19.75,92.4167,29.923,0.0036,-0.103,-0.089,0.136,0,No PFZ
10/5/2026,19.75,92.5,29.907,0.0013,-0.092,-0.086,0.126,0,No PFZ
10/5/2026,19.75,92.5833,29.91,0.0021,-0.07,-0.105,0.126,0,No PFZ
10/5/2026,19.75,92.6667,29.916,0.005,-0.039,-0.137,0.142,1,Moderate PFZ
10/5/2026,19.75,92.75,29.988,0.0072,0,-0.151,0.151,1,Moderate PFZ
10/5/2026,19.75,92.8333,29.996,0.0107,0.033,-0.145,0.149,1,Moderate PFZ
10/5/2026,19.75,92.9167,30.019,0.0171,0.045,-0.18,0.186,2,Strong PFZ
10/5/2026,19.75,93,30.329,0.0178,0.077,-0.163,0.18,2,Strong PFZ
10/5/2026,19.75,93.0833,30.183,0.0144,0.117,-0.101,0.154,1,Moderate PFZ
10/5/2026,19.8333,87.8333,30.099,0.0042,-0.163,-0.266,0.312,1,Moderate PFZ
10/5/2026,19.8333,87.9167,30.071,0.0054,-0.113,-0.292,0.313,1,Moderate PFZ
10/5/2026,19.8333,88,29.999,0.0049,-0.084,-0.171,0.191,1,Moderate PFZ
10/5/2026,19.8333,88.0833,29.958,0.0016,-0.124,-0.042,0.13,1,Moderate PFZ
10/5/2026,19.8333,88.1667,30.063,0.0057,-0.18,-0.078,0.196,1,Moderate PFZ
10/5/2026,19.8333,88.25,30.09,0.006,-0.219,-0.151,0.266,1,Moderate PFZ
10/5/2026,19.8333,88.3333,30.081,0.0051,-0.255,-0.23,0.344,2,Strong PFZ
10/5/2026,19.8333,88.4167,30.096,0.0047,-0.287,-0.313,0.425,2,Strong PFZ
10/5/2026,19.8333,88.5,30.099,0.0049,-0.311,-0.397,0.504,2,Strong PFZ
10/5/2026,19.8333,88.5833,30.09,0.0064,-0.323,-0.47,0.57,2,Strong PFZ
10/5/2026,19.8333,88.6667,30.063,0.0094,-0.344,-0.523,0.626,2,Strong PFZ
10/5/2026,19.8333,88.75,30.016,0.0135,-0.354,-0.556,0.659,2,Strong PFZ
10/5/2026,19.8333,88.8333,29.896,0.0145,-0.316,-0.541,0.626,2,Strong PFZ
10/5/2026,19.8333,88.9167,29.765,0.0082,-0.242,-0.461,0.52,2,Strong PFZ
10/5/2026,19.8333,89,29.781,0.0055,-0.133,-0.3,0.328,2,Strong PFZ
10/5/2026,19.8333,89.0833,29.954,0.0077,-0.038,-0.127,0.133,1,Moderate PFZ
10/5/2026,19.8333,89.1667,29.955,0.0044,0.01,-0.016,0.019,0,No PFZ
10/5/2026,19.8333,89.25,29.98,0.0029,0.037,0.042,0.056,0,No PFZ
10/5/2026,19.8333,89.3333,30.006,0.0026,0.058,0.087,0.105,0,No PFZ
10/5/2026,19.8333,89.4167,30.03,0.0021,0.075,0.126,0.147,0,No PFZ
10/5/2026,19.8333,89.5,30.043,0.0017,0.094,0.155,0.181,0,No PFZ
10/5/2026,19.8333,89.5833,30.05,0.0017,0.115,0.161,0.198,0,No PFZ
10/5/2026,19.8333,89.6667,30.069,0.0019,0.132,0.143,0.195,0,No PFZ
10/5/2026,19.8333,89.75,30.088,0.0015,0.14,0.109,0.178,0,No PFZ
10/5/2026,19.8333,89.8333,30.081,0.0013,0.146,0.053,0.155,0,No PFZ
10/5/2026,19.8333,89.9167,30.078,0.0017,0.148,-0.015,0.149,0,No PFZ
10/5/2026,19.8333,90,30.095,0.0016,0.136,-0.049,0.145,0,No PFZ
10/5/2026,19.8333,90.0833,30.106,0.0012,0.114,-0.043,0.122,0,No PFZ
10/5/2026,19.8333,90.1667,30.107,0.0005,0.102,-0.039,0.109,0,No PFZ
10/5/2026,19.8333,90.25,30.106,0.001,0.113,-0.056,0.126,0,No PFZ
10/5/2026,19.8333,90.3333,30.111,0.0014,0.145,-0.078,0.164,0,No PFZ
10/5/2026,19.8333,90.4167,30.119,0.0013,0.184,-0.093,0.206,0,No PFZ
10/5/2026,19.8333,90.5,30.134,0.0011,0.221,-0.097,0.241,0,No PFZ
10/5/2026,19.8333,90.5833,30.141,0.0017,0.248,-0.094,0.265,0,No PFZ
10/5/2026,19.8333,90.6667,30.146,0.0044,0.262,-0.084,0.275,1,Moderate PFZ
10/5/2026,19.8333,90.75,30.141,0.0084,0.262,-0.08,0.274,1,Moderate PFZ
10/5/2026,19.8333,90.8333,30.137,0.0119,0.249,-0.07,0.258,1,Moderate PFZ
10/5/2026,19.8333,90.9167,30.09,0.0147,0.222,-0.073,0.234,1,Moderate PFZ
10/5/2026,19.8333,91,30.073,0.0146,0.184,-0.069,0.196,1,Moderate PFZ
10/5/2026,19.8333,91.0833,30.013,0.0123,0.144,-0.073,0.161,1,Moderate PFZ
10/5/2026,19.8333,91.1667,29.955,0.0096,0.115,-0.085,0.143,1,Moderate PFZ
10/5/2026,19.8333,91.25,29.889,0.0083,0.034,-0.039,0.052,1,Moderate PFZ
10/5/2026,19.8333,91.3333,29.879,0.0082,-0.058,-0.059,0.082,1,Moderate PFZ
10/5/2026,19.8333,91.4167,29.9,0.0088,-0.074,-0.028,0.079,1,Moderate PFZ
10/5/2026,19.8333,91.5,29.905,0.0078,-0.048,-0.022,0.053,1,Moderate PFZ
10/5/2026,19.8333,91.5833,29.925,0.0067,-0.015,-0.05,0.052,0,No PFZ
10/5/2026,19.8333,91.6667,29.838,0.006,0.003,-0.111,0.111,0,No PFZ
10/5/2026,19.8333,91.75,29.756,0.0035,0.031,-0.157,0.16,1,Moderate PFZ
10/5/2026,19.8333,91.8333,29.812,0.0034,0.073,-0.175,0.189,1,Moderate PFZ
10/5/2026,19.8333,91.9167,29.815,0.0052,0.098,-0.171,0.197,1,Moderate PFZ
10/5/2026,19.8333,92,29.99,0.0024,0.056,-0.051,0.075,0,No PFZ
10/5/2026,19.8333,92.0833,29.905,0.0011,-0.009,0.064,0.065,0,No PFZ
10/5/2026,19.8333,92.1667,29.962,0.0033,-0.028,0.026,0.038,0,No PFZ
10/5/2026,19.8333,92.25,30.01,0.0033,-0.036,-0.044,0.057,0,No PFZ
10/5/2026,19.8333,92.3333,29.997,0.004,-0.049,-0.09,0.103,0,No PFZ
10/5/2026,19.8333,92.4167,29.949,0.0052,-0.051,-0.11,0.122,0,No PFZ
10/5/2026,19.8333,92.5,29.874,0.0035,-0.035,-0.137,0.141,0,No PFZ
10/5/2026,19.8333,92.5833,29.899,0.0054,0.005,-0.166,0.166,1,Moderate PFZ
10/5/2026,19.8333,92.6667,29.94,0.0095,0.049,-0.18,0.186,1,Moderate PFZ
10/5/2026,19.8333,92.75,30.049,0.0123,0.071,-0.2,0.212,2,Strong PFZ
10/5/2026,19.8333,92.8333,30.09,0.0165,0.081,-0.183,0.2,2,Strong PFZ
10/5/2026,19.8333,92.9167,30.194,0.0218,0.06,-0.185,0.194,2,Strong PFZ
10/5/2026,19.8333,93,30.583,0.0169,0.062,-0.199,0.209,2,Strong PFZ
10/5/2026,19.8333,93.0833,30.296,0.012,0.08,-0.129,0.152,2,Strong PFZ
10/5/2026,19.9167,87.8333,30.133,0.0044,-0.175,-0.283,0.333,1,Moderate PFZ
10/5/2026,19.9167,87.9167,30.128,0.0064,-0.138,-0.32,0.348,1,Moderate PFZ
10/5/2026,19.9167,88,30.035,0.0068,-0.098,-0.193,0.216,1,Moderate PFZ
10/5/2026,19.9167,88.0833,29.93,0.0029,-0.106,-0.007,0.106,1,Moderate PFZ
10/5/2026,19.9167,88.1667,30.032,0.0065,-0.147,-0.023,0.149,1,Moderate PFZ
10/5/2026,19.9167,88.25,30.136,0.0049,-0.196,-0.094,0.217,1,Moderate PFZ
10/5/2026,19.9167,88.3333,30.11,0.0031,-0.244,-0.177,0.302,1,Moderate PFZ
10/5/2026,19.9167,88.4167,30.114,0.0028,-0.286,-0.262,0.388,1,Moderate PFZ
10/5/2026,19.9167,88.5,30.117,0.0028,-0.326,-0.356,0.482,1,Moderate PFZ
10/5/2026,19.9167,88.5833,30.126,0.0037,-0.357,-0.436,0.564,2,Strong PFZ
10/5/2026,19.9167,88.6667,30.107,0.0061,-0.368,-0.504,0.624,2,Strong PFZ
10/5/2026,19.9167,88.75,30.086,0.0105,-0.369,-0.566,0.675,2,Strong PFZ
10/5/2026,19.9167,88.8333,30.015,0.0144,-0.365,-0.6,0.702,2,Strong PFZ
10/5/2026,19.9167,88.9167,29.89,0.013,-0.332,-0.582,0.67,2,Strong PFZ
10/5/2026,19.9167,89,29.779,0.004,-0.258,-0.451,0.52,2,Strong PFZ
10/5/2026,19.9167,89.0833,29.922,0.0059,-0.159,-0.235,0.284,1,Moderate PFZ
10/5/2026,19.9167,89.1667,29.979,0.0049,-0.081,-0.071,0.108,0,No PFZ
10/5/2026,19.9167,89.25,29.977,0.0025,-0.033,-0.001,0.033,0,No PFZ
10/5/2026,19.9167,89.3333,29.98,0.0021,-0.002,0.059,0.059,0,No PFZ
10/5/2026,19.9167,89.4167,29.997,0.002,0.02,0.1,0.102,0,No PFZ
10/5/2026,19.9167,89.5,30.009,0.0021,0.042,0.129,0.136,0,No PFZ
10/5/2026,19.9167,89.5833,30.031,0.0025,0.067,0.137,0.153,0,No PFZ
10/5/2026,19.9167,89.6667,30.065,0.0024,0.087,0.126,0.153,0,No PFZ
10/5/2026,19.9167,89.75,30.084,0.0017,0.104,0.094,0.14,0,No PFZ
10/5/2026,19.9167,89.8333,30.104,0.0009,0.116,0.045,0.125,0,No PFZ
10/5/2026,19.9167,89.9167,30.118,0.0002,0.115,0.004,0.115,0,No PFZ
10/5/2026,19.9167,90,30.111,0.0003,0.107,-0.018,0.109,0,No PFZ
10/5/2026,19.9167,90.0833,30.107,0,0.112,-0.032,0.117,0,No PFZ
10/5/2026,19.9167,90.1667,30.093,0.0005,0.14,-0.052,0.149,0,No PFZ
10/5/2026,19.9167,90.25,30.086,0.001,0.18,-0.08,0.197,0,No PFZ
10/5/2026,19.9167,90.3333,30.097,0.0019,0.222,-0.101,0.244,0,No PFZ
10/5/2026,19.9167,90.4167,30.115,0.0017,0.255,-0.108,0.277,0,No PFZ
10/5/2026,19.9167,90.5,30.129,0.0011,0.268,-0.1,0.286,0,No PFZ
10/5/2026,19.9167,90.5833,30.137,0.0065,0.257,-0.092,0.273,1,Moderate PFZ
10/5/2026,19.9167,90.6667,30.14,0.0127,0.215,-0.073,0.227,1,Moderate PFZ
10/5/2026,19.9167,90.75,30.066,0.0165,0.128,-0.069,0.145,1,Moderate PFZ
10/5/2026,19.9167,90.8333,29.993,0.0162,0.027,-0.058,0.064,1,Moderate PFZ
10/5/2026,19.9167,90.9167,29.729,0.0124,-0.032,-0.075,0.082,1,Moderate PFZ
10/5/2026,19.9167,91,29.689,0.0081,-0.076,-0.047,0.09,1,Moderate PFZ
10/5/2026,19.9167,91.0833,29.762,0.0057,-0.101,-0.056,0.116,1,Moderate PFZ
10/5/2026,19.9167,91.1667,29.838,0.0025,-0.099,-0.068,0.12,0,No PFZ
10/5/2026,19.9167,91.25,29.908,0.0015,-0.097,-0.013,0.098,0,No PFZ
10/5/2026,19.9167,91.3333,29.947,0.0061,-0.069,-0.039,0.079,0,No PFZ
10/5/2026,19.9167,91.4167,29.885,0.0082,-0.042,-0.054,0.069,1,Moderate PFZ
10/5/2026,19.9167,91.5,29.817,0.0059,-0.052,-0.069,0.086,0,No PFZ
10/5/2026,19.9167,91.5833,29.797,0.0022,-0.068,-0.092,0.115,0,No PFZ
10/5/2026,19.9167,91.6667,29.717,0.002,-0.057,-0.142,0.153,1,Moderate PFZ
10/5/2026,19.9167,91.75,29.809,0.0058,-0.023,-0.174,0.176,1,Moderate PFZ
10/5/2026,19.9167,91.8333,29.928,0.0065,0.011,-0.186,0.186,1,Moderate PFZ
10/5/2026,19.9167,91.9167,29.891,0.0053,0.053,-0.17,0.178,1,Moderate PFZ
10/5/2026,19.9167,92,30.025,0.0024,0.064,0.003,0.064,0,No PFZ
10/5/2026,19.9167,92.0833,29.896,0.0028,0.044,0.117,0.125,0,No PFZ
10/5/2026,19.9167,92.1667,29.934,0.0043,0.043,0.071,0.083,0,No PFZ
10/5/2026,19.9167,92.25,29.993,0.0043,0.047,-0.013,0.049,0,No PFZ
10/5/2026,19.9167,92.3333,30.047,0.0038,0.042,-0.072,0.084,0,No PFZ
10/5/2026,19.9167,92.4167,30.002,0.0057,0.036,-0.11,0.115,0,No PFZ
10/5/2026,19.9167,92.5,29.94,0.0063,0.052,-0.163,0.171,1,Moderate PFZ
10/5/2026,19.9167,92.5833,29.98,0.0098,0.094,-0.199,0.22,1,Moderate PFZ
10/5/2026,19.9167,92.6667,30.032,0.0138,0.119,-0.183,0.219,2,Strong PFZ
10/5/2026,19.9167,92.75,30.172,0.0163,0.105,-0.207,0.232,2,Strong PFZ
10/5/2026,19.9167,92.8333,30.236,0.0201,0.078,-0.17,0.188,2,Strong PFZ
10/5/2026,19.9167,92.9167,30.312,0.0223,0.008,-0.168,0.168,2,Strong PFZ
10/5/2026,19.9167,93,30.757,0.0122,-0.023,-0.216,0.218,2,Strong PFZ
10/5/2026,19.9167,93.0833,30.416,0.0116,-0.017,-0.168,0.169,1,Moderate PFZ
10/5/2026,20,87.8333,30.165,0.0025,-0.151,-0.265,0.304,1,Moderate PFZ
10/5/2026,20,87.9167,30.175,0.0053,-0.123,-0.317,0.34,1,Moderate PFZ
10/5/2026,20,88,30.083,0.0069,-0.086,-0.223,0.239,1,Moderate PFZ
10/5/2026,20,88.0833,29.98,0.0044,-0.096,0.002,0.096,1,Moderate PFZ
10/5/2026,20,88.1667,30.104,0.0061,-0.144,0.024,0.146,1,Moderate PFZ
10/5/2026,20,88.25,30.161,0.0038,-0.191,-0.039,0.195,1,Moderate PFZ
10/5/2026,20,88.3333,30.116,0.0025,-0.23,-0.119,0.258,1,Moderate PFZ
10/5/2026,20,88.4167,30.13,0.0027,-0.269,-0.213,0.343,1,Moderate PFZ
10/5/2026,20,88.5,30.128,0.0024,-0.306,-0.322,0.444,1,Moderate PFZ
10/5/2026,20,88.5833,30.143,0.0021,-0.345,-0.416,0.541,1,Moderate PFZ
10/5/2026,20,88.6667,30.177,0.0027,-0.38,-0.485,0.616,1,Moderate PFZ
10/5/2026,20,88.75,30.186,0.0061,-0.381,-0.545,0.665,2,Strong PFZ
10/5/2026,20,88.8333,30.102,0.0114,-0.36,-0.593,0.694,2,Strong PFZ
10/5/2026,20,88.9167,30.041,0.0144,-0.343,-0.628,0.716,2,Strong PFZ
10/5/2026,20,89,29.859,0.0095,-0.308,-0.578,0.655,2,Strong PFZ
10/5/2026,20,89.0833,29.806,0.0019,-0.245,-0.388,0.459,2,Strong PFZ
10/5/2026,20,89.1667,30.016,0.0053,-0.197,-0.178,0.266,1,Moderate PFZ
10/5/2026,20,89.25,29.952,0.0038,-0.15,-0.088,0.174,0,No PFZ
10/5/2026,20,89.3333,30.034,0.0028,-0.102,0.01,0.103,0,No PFZ
10/5/2026,20,89.4167,30.049,0.0025,-0.071,0.041,0.082,0,No PFZ
10/5/2026,20,89.5,30.059,0.0026,-0.037,0.093,0.1,0,No PFZ
10/5/2026,20,89.5833,30.089,0.0024,-0.007,0.095,0.095,0,No PFZ
10/5/2026,20,89.6667,30.102,0.0017,0.022,0.089,0.092,0,No PFZ
10/5/2026,20,89.75,30.115,0.0011,0.054,0.065,0.084,0,No PFZ
10/5/2026,20,89.8333,30.116,0.002,0.083,0.034,0.089,0,No PFZ
10/5/2026,20,89.9167,30.103,0.0031,0.107,0.009,0.107,0,No PFZ
10/5/2026,20,90,30.075,0.0022,0.136,-0.022,0.138,0,No PFZ
10/5/2026,20,90.0833,30.1,0.0017,0.175,-0.057,0.184,0,No PFZ
10/5/2026,20,90.1667,30.099,0.0033,0.217,-0.078,0.231,0,No PFZ
10/5/2026,20,90.25,30.092,0.004,0.253,-0.088,0.268,0,No PFZ
10/5/2026,20,90.3333,30.117,0.0034,0.273,-0.095,0.289,0,No PFZ
10/5/2026,20,90.4167,30.152,0.0013,0.257,-0.088,0.272,1,Moderate PFZ
10/5/2026,20,90.5,30.191,0.0078,0.192,-0.07,0.204,1,Moderate PFZ
10/5/2026,20,90.5833,30.125,0.0151,0.063,-0.054,0.083,1,Moderate PFZ
10/5/2026,20,90.6667,29.964,0.0168,-0.083,-0.042,0.094,1,Moderate PFZ
10/5/2026,20,90.75,29.662,0.0117,-0.19,-0.04,0.194,1,Moderate PFZ
10/5/2026,20,90.8333,29.693,0.0051,-0.234,-0.047,0.238,1,Moderate PFZ
10/5/2026,20,90.9167,29.793,0.0021,-0.224,-0.088,0.24,1,Moderate PFZ
10/5/2026,20,91,29.917,0.005,-0.175,-0.07,0.188,1,Moderate PFZ
10/5/2026,20,91.0833,29.975,0.0063,-0.103,-0.079,0.13,0,No PFZ
10/5/2026,20,91.1667,30.082,0.0027,-0.067,-0.058,0.089,0,No PFZ
10/5/2026,20,91.25,30.015,0.0061,-0.067,-0.048,0.082,0,No PFZ
10/5/2026,20,91.3333,29.86,0.0098,-0.077,-0.059,0.097,1,Moderate PFZ
10/5/2026,20,91.4167,29.707,0.0049,-0.127,-0.046,0.135,1,Moderate PFZ
10/5/2026,20,91.5,29.647,0.0034,-0.182,-0.051,0.189,1,Moderate PFZ
10/5/2026,20,91.5833,29.815,0.007,-0.166,-0.112,0.2,1,Moderate PFZ
10/5/2026,20,91.6667,29.908,0.0081,-0.117,-0.159,0.197,1,Moderate PFZ
10/5/2026,20,91.75,29.937,0.0077,-0.094,-0.193,0.215,1,Moderate PFZ
10/5/2026,20,91.8333,29.978,0.0059,-0.09,-0.226,0.243,1,Moderate PFZ
10/5/2026,20,91.9167,29.943,0.004,-0.064,-0.223,0.231,1,Moderate PFZ
10/5/2026,20,92,30.036,0.0025,0.01,-0.052,0.053,0,No PFZ
10/5/2026,20,92.0833,29.972,0.0044,0.083,0.111,0.139,0,No PFZ
10/5/2026,20,92.1667,30.013,0.0058,0.124,0.094,0.155,0,No PFZ
10/5/2026,20,92.25,30.021,0.0045,0.142,0.007,0.142,0,No PFZ
10/5/2026,20,92.3333,30.062,0.003,0.131,-0.059,0.144,0,No PFZ
10/5/2026,20,92.4167,30.067,0.0041,0.097,-0.089,0.132,0,No PFZ
10/5/2026,20,92.5,30.015,0.0071,0.098,-0.191,0.214,1,Moderate PFZ
10/5/2026,20,92.5833,30.083,0.0123,0.121,-0.208,0.24,2,Strong PFZ
10/5/2026,20,92.6667,30.176,0.0166,0.109,-0.174,0.206,2,Strong PFZ
10/5/2026,20,92.75,30.276,0.0202,0.074,-0.205,0.218,2,Strong PFZ
10/5/2026,20,92.8333,30.372,0.0241,0.039,-0.154,0.159,2,Strong PFZ
10/5/2026,20,92.9167,30.444,0.0239,0.017,-0.139,0.14,2,Strong PFZ
10/5/2026,20,93,30.811,0.0166,-0.008,-0.205,0.206,2,Strong PFZ
10/5/2026,20.0833,87.8333,30.159,0.0004,-0.09,-0.221,0.238,0,No PFZ
10/5/2026,20.0833,87.9167,30.211,0.003,-0.083,-0.28,0.292,1,Moderate PFZ
10/5/2026,20.0833,88,30.116,0.0048,-0.05,-0.245,0.25,1,Moderate PFZ
10/5/2026,20.0833,88.0833,30.069,0.0038,-0.05,0.014,0.052,0,No PFZ
10/5/2026,20.0833,88.1667,30.112,0.0048,-0.101,0.067,0.121,0,No PFZ
10/5/2026,20.0833,88.25,30.167,0.0032,-0.159,0.003,0.159,0,No PFZ
10/5/2026,20.0833,88.3333,30.153,0.0025,-0.21,-0.064,0.219,0,No PFZ
10/5/2026,20.0833,88.4167,30.172,0.0028,-0.252,-0.171,0.305,1,Moderate PFZ
10/5/2026,20.0833,88.5,30.16,0.0025,-0.275,-0.3,0.407,1,Moderate PFZ
10/5/2026,20.0833,88.5833,30.151,0.0014,-0.296,-0.413,0.508,1,Moderate PFZ
10/5/2026,20.0833,88.6667,30.137,0.0012,-0.318,-0.493,0.587,1,Moderate PFZ
10/5/2026,20.0833,88.75,30.188,0.0021,-0.33,-0.548,0.64,1,Moderate PFZ
10/5/2026,20.0833,88.8333,30.199,0.0067,-0.33,-0.581,0.668,2,Strong PFZ
10/5/2026,20.0833,88.9167,30.129,0.012,-0.31,-0.621,0.694,2,Strong PFZ
10/5/2026,20.0833,89,29.986,0.0121,-0.273,-0.625,0.682,2,Strong PFZ
10/5/2026,20.0833,89.0833,29.857,0.0055,-0.236,-0.487,0.541,2,Strong PFZ
10/5/2026,20.0833,89.1667,29.854,0.0023,-0.217,-0.274,0.35,1,Moderate PFZ
10/5/2026,20.0833,89.25,29.979,0.0039,-0.218,-0.179,0.282,1,Moderate PFZ
10/5/2026,20.0833,89.3333,29.999,0.0032,-0.201,-0.084,0.217,0,No PFZ
10/5/2026,20.0833,89.4167,29.962,0.0033,-0.145,-0.058,0.156,0,No PFZ
10/5/2026,20.0833,89.5,30.048,0.0036,-0.09,0.045,0.1,0,No PFZ
10/5/2026,20.0833,89.5833,30.069,0.0027,-0.044,0.04,0.059,0,No PFZ
10/5/2026,20.0833,89.6667,30.076,0.0021,0.011,0.044,0.045,0,No PFZ
10/5/2026,20.0833,89.75,30.081,0.0041,0.065,0.024,0.069,0,No PFZ
10/5/2026,20.0833,89.8333,30.079,0.007,0.116,-0.001,0.116,0,No PFZ
10/5/2026,20.0833,89.9167,30.056,0.0073,0.165,-0.025,0.167,1,Moderate PFZ
10/5/2026,20.0833,90,30.032,0.0048,0.213,-0.047,0.218,1,Moderate PFZ
10/5/2026,20.0833,90.0833,30.092,0.006,0.255,-0.076,0.266,1,Moderate PFZ
10/5/2026,20.0833,90.1667,30.161,0.0056,0.267,-0.085,0.28,1,Moderate PFZ
10/5/2026,20.0833,90.25,30.186,0.0035,0.24,-0.066,0.249,1,Moderate PFZ
10/5/2026,20.0833,90.3333,30.241,0.002,0.169,-0.061,0.18,0,No PFZ
10/5/2026,20.0833,90.4167,30.197,0.0078,0.041,-0.041,0.058,1,Moderate PFZ
10/5/2026,20.0833,90.5,30.051,0.0144,-0.101,-0.024,0.103,1,Moderate PFZ
10/5/2026,20.0833,90.5833,29.782,0.014,-0.197,-0.024,0.198,1,Moderate PFZ
10/5/2026,20.0833,90.6667,29.677,0.0058,-0.246,-0.028,0.248,1,Moderate PFZ
10/5/2026,20.0833,90.75,29.821,0.003,-0.256,-0.048,0.261,1,Moderate PFZ
10/5/2026,20.0833,90.8333,29.895,0.0059,-0.245,-0.088,0.26,1,Moderate PFZ
10/5/2026,20.0833,90.9167,29.859,0.0059,-0.217,-0.144,0.26,1,Moderate PFZ
10/5/2026,20.0833,91,29.857,0.0031,-0.161,-0.179,0.241,1,Moderate PFZ
10/5/2026,20.0833,91.0833,29.815,0.0045,-0.1,-0.178,0.204,1,Moderate PFZ
10/5/2026,20.0833,91.1667,30.008,0.0019,-0.086,-0.069,0.11,0,No PFZ
10/5/2026,20.0833,91.25,29.909,0.0084,-0.14,-0.027,0.142,1,Moderate PFZ
10/5/2026,20.0833,91.3333,29.753,0.0064,-0.227,-0.003,0.227,1,Moderate PFZ
10/5/2026,20.0833,91.4167,29.707,0.0041,-0.281,-0.013,0.281,1,Moderate PFZ
10/5/2026,20.0833,91.5,29.975,0.0084,-0.259,-0.074,0.269,1,Moderate PFZ
10/5/2026,20.0833,91.5833,29.972,0.0063,-0.207,-0.156,0.26,1,Moderate PFZ
10/5/2026,20.0833,91.6667,29.969,0.0045,-0.169,-0.202,0.263,1,Moderate PFZ
10/5/2026,20.0833,91.75,29.969,0.0043,-0.133,-0.233,0.268,1,Moderate PFZ
10/5/2026,20.0833,91.8333,29.983,0.0049,-0.12,-0.267,0.293,1,Moderate PFZ
10/5/2026,20.0833,91.9167,29.946,0.0062,-0.12,-0.274,0.299,1,Moderate PFZ
10/5/2026,20.0833,92,29.881,0.0053,-0.07,-0.189,0.202,1,Moderate PFZ
10/5/2026,20.0833,92.0833,30.045,0.0057,0.031,0.004,0.031,0,No PFZ
10/5/2026,20.0833,92.1667,30.105,0.004,0.113,0.039,0.119,0,No PFZ
10/5/2026,20.0833,92.25,30.095,0.0014,0.152,-0.028,0.155,0,No PFZ
10/5/2026,20.0833,92.3333,30.119,0.0002,0.138,-0.065,0.153,0,No PFZ
10/5/2026,20.0833,92.4167,30.103,0.002,0.081,-0.078,0.112,0,No PFZ
10/5/2026,20.0833,92.5,30.05,0.0087,0.071,-0.239,0.249,1,Moderate PFZ
10/5/2026,20.0833,92.5833,30.192,0.0152,0.077,-0.218,0.231,2,Strong PFZ
10/5/2026,20.0833,92.6667,30.216,0.0212,0.039,-0.19,0.194,2,Strong PFZ
10/5/2026,20.0833,92.75,30.399,0.0248,0.013,-0.219,0.22,2,Strong PFZ
10/5/2026,20.0833,92.8333,30.63,0.0242,0.007,-0.169,0.169,2,Strong PFZ
10/5/2026,20.0833,92.9167,30.645,0.0181,0.009,-0.143,0.143,2,Strong PFZ
10/5/2026,20.0833,93,31.172,0.0212,0.001,-0.177,0.177,1,Moderate PFZ
10/5/2026,20.1667,87.8333,30.132,0.001,-0.006,-0.167,0.167,0,No PFZ
10/5/2026,20.1667,87.9167,30.19,0.0019,-0.022,-0.234,0.235,0,No PFZ
10/5/2026,20.1667,88,30.081,0.0025,-0.001,-0.256,0.256,0,No PFZ
10/5/2026,20.1667,88.0833,30.113,0.0024,0.001,0.014,0.014,0,No PFZ
10/5/2026,20.1667,88.1667,30.131,0.004,-0.04,0.117,0.124,0,No PFZ
10/5/2026,20.1667,88.25,30.178,0.003,-0.091,0.056,0.107,0,No PFZ
10/5/2026,20.1667,88.3333,30.167,0.0024,-0.142,-0.013,0.143,0,No PFZ
10/5/2026,20.1667,88.4167,30.199,0.0024,-0.185,-0.138,0.231,0,No PFZ
10/5/2026,20.1667,88.5,30.182,0.0026,-0.21,-0.284,0.353,1,Moderate PFZ
10/5/2026,20.1667,88.5833,30.165,0.0022,-0.222,-0.412,0.468,1,Moderate PFZ
10/5/2026,20.1667,88.6667,30.137,0.0014,-0.228,-0.509,0.558,1,Moderate PFZ
10/5/2026,20.1667,88.75,30.173,0.0018,-0.231,-0.575,0.62,1,Moderate PFZ
10/5/2026,20.1667,88.8333,30.19,0.0041,-0.229,-0.607,0.649,2,Strong PFZ
10/5/2026,20.1667,88.9167,30.139,0.0093,-0.223,-0.638,0.676,2,Strong PFZ
10/5/2026,20.1667,89,30.038,0.0105,-0.211,-0.662,0.695,2,Strong PFZ
10/5/2026,20.1667,89.0833,29.99,0.0068,-0.18,-0.55,0.579,2,Strong PFZ
10/5/2026,20.1667,89.1667,29.931,0.0041,-0.156,-0.292,0.331,1,Moderate PFZ
10/5/2026,20.1667,89.25,29.896,0.0026,-0.155,-0.214,0.264,1,Moderate PFZ
10/5/2026,20.1667,89.3333,29.942,0.0026,-0.137,-0.158,0.209,0,No PFZ
10/5/2026,20.1667,89.4167,29.974,0.003,-0.103,-0.126,0.163,0,No PFZ
10/5/2026,20.1667,89.5,30.014,0.0029,-0.055,-0.027,0.062,0,No PFZ
10/5/2026,20.1667,89.5833,30.031,0.0029,0.004,-0.026,0.026,0,No PFZ
10/5/2026,20.1667,89.6667,30.076,0.0046,0.055,-0.013,0.056,0,No PFZ
10/5/2026,20.1667,89.75,30.053,0.0092,0.099,-0.043,0.108,1,Moderate PFZ
10/5/2026,20.1667,89.8333,30.014,0.0121,0.139,-0.083,0.162,1,Moderate PFZ
10/5/2026,20.1667,89.9167,29.925,0.0109,0.186,-0.11,0.216,1,Moderate PFZ
10/5/2026,20.1667,90,30.03,0.0113,0.225,-0.079,0.239,1,Moderate PFZ
10/5/2026,20.1667,90.0833,30.189,0.0095,0.215,-0.062,0.224,1,Moderate PFZ
10/5/2026,20.1667,90.1667,30.269,0.0029,0.141,-0.05,0.15,0,No PFZ
10/5/2026,20.1667,90.25,30.211,0.0027,0.046,-0.024,0.052,0,No PFZ
10/5/2026,20.1667,90.3333,30.127,0.006,-0.04,0.001,0.04,0,No PFZ
10/5/2026,20.1667,90.4167,30.087,0.0099,-0.124,0.03,0.127,1,Moderate PFZ
10/5/2026,20.1667,90.5,29.976,0.0117,-0.199,0.027,0.201,1,Moderate PFZ
10/5/2026,20.1667,90.5833,29.843,0.0063,-0.248,-0.007,0.249,1,Moderate PFZ
10/5/2026,20.1667,90.6667,29.941,0.0047,-0.263,-0.052,0.268,1,Moderate PFZ
10/5/2026,20.1667,90.75,29.932,0.0072,-0.258,-0.102,0.277,2,Strong PFZ
10/5/2026,20.1667,90.8333,29.891,0.0073,-0.237,-0.164,0.288,2,Strong PFZ
10/5/2026,20.1667,90.9167,29.951,0.0056,-0.195,-0.218,0.292,1,Moderate PFZ
10/5/2026,20.1667,91,29.961,0.0028,-0.138,-0.24,0.277,1,Moderate PFZ
10/5/2026,20.1667,91.0833,29.81,0.0028,-0.109,-0.186,0.216,1,Moderate PFZ
10/5/2026,20.1667,91.1667,30.036,0.0017,-0.149,-0.006,0.15,1,Moderate PFZ
10/5/2026,20.1667,91.25,29.837,0.0054,-0.233,0.048,0.238,1,Moderate PFZ
10/5/2026,20.1667,91.3333,29.768,0.005,-0.296,0.041,0.299,1,Moderate PFZ
10/5/2026,20.1667,91.4167,29.875,0.0069,-0.308,-0.036,0.31,2,Strong PFZ
10/5/2026,20.1667,91.5,29.894,0.0037,-0.287,-0.172,0.335,2,Strong PFZ
10/5/2026,20.1667,91.5833,29.907,0.0035,-0.241,-0.251,0.348,1,Moderate PFZ
10/5/2026,20.1667,91.6667,29.959,0.0052,-0.172,-0.279,0.328,2,Strong PFZ
10/5/2026,20.1667,91.75,30.016,0.0062,-0.105,-0.267,0.287,2,Strong PFZ
10/5/2026,20.1667,91.8333,30.085,0.0056,-0.061,-0.253,0.26,2,Strong PFZ
10/5/2026,20.1667,91.9167,30.119,0.0081,-0.063,-0.245,0.253,1,Moderate PFZ
10/5/2026,20.1667,92,30.07,0.0089,-0.086,-0.237,0.252,1,Moderate PFZ
10/5/2026,20.1667,92.0833,30.063,0.0042,-0.052,-0.126,0.136,0,No PFZ
10/5/2026,20.1667,92.1667,30.092,0.0005,0.017,-0.063,0.066,0,No PFZ
10/5/2026,20.1667,92.25,30.051,0.0013,0.046,-0.085,0.096,0,No PFZ
10/5/2026,20.1667,92.3333,30.034,0.0011,0.013,-0.062,0.063,0,No PFZ
10/5/2026,20.1667,92.4167,29.989,0.0068,0.016,-0.116,0.117,1,Moderate PFZ
10/5/2026,20.1667,92.5,30.14,0.0144,0.034,-0.304,0.306,2,Strong PFZ
10/5/2026,20.1667,92.5833,30.25,0.0202,-0.006,-0.257,0.257,2,Strong PFZ
10/5/2026,20.1667,92.6667,30.45,0.0241,-0.025,-0.203,0.204,2,Strong PFZ
10/5/2026,20.1667,92.75,30.687,0.0178,-0.001,-0.174,0.174,2,Strong PFZ
10/5/2026,20.1667,92.8333,30.892,0.0131,0.016,-0.182,0.183,2,Strong PFZ
10/5/2026,20.1667,92.9167,31.144,0.0195,0.009,-0.164,0.164,1,Moderate PFZ
10/5/2026,20.1667,93,31.581,0.0305,0.004,-0.17,0.17,1,Moderate PFZ
10/5/2026,20.25,87.8333,30.131,0.0005,0.085,-0.109,0.138,0,No PFZ
10/5/2026,20.25,87.9167,30.19,0.0017,0.043,-0.188,0.193,0,No PFZ
10/5/2026,20.25,88,30.093,0.0018,0.047,-0.24,0.245,0,No PFZ
10/5/2026,20.25,88.0833,30.131,0.0024,0.047,-0.024,0.053,0,No PFZ
10/5/2026,20.25,88.1667,30.168,0.0039,0.022,0.154,0.156,0,No PFZ
10/5/2026,20.25,88.25,30.202,0.0028,-0.007,0.107,0.107,0,No PFZ
10/5/2026,20.25,88.3333,30.184,0.0023,-0.045,0.023,0.051,0,No PFZ
10/5/2026,20.25,88.4167,30.216,0.002,-0.073,-0.107,0.13,0,No PFZ
10/5/2026,20.25,88.5,30.207,0.0024,-0.094,-0.263,0.279,0,No PFZ
10/5/2026,20.25,88.5833,30.188,0.0028,-0.113,-0.399,0.415,1,Moderate PFZ
10/5/2026,20.25,88.6667,30.162,0.0023,-0.124,-0.504,0.519,1,Moderate PFZ
10/5/2026,20.25,88.75,30.205,0.0026,-0.132,-0.571,0.587,1,Moderate PFZ
10/5/2026,20.25,88.8333,30.235,0.0033,-0.129,-0.606,0.619,2,Strong PFZ
10/5/2026,20.25,88.9167,30.191,0.0089,-0.111,-0.66,0.669,2,Strong PFZ
10/5/2026,20.25,89,30.04,0.0103,-0.096,-0.705,0.712,2,Strong PFZ
10/5/2026,20.25,89.0833,29.92,0.0053,-0.091,-0.643,0.649,2,Strong PFZ
10/5/2026,20.25,89.1667,30.069,0.0039,-0.083,-0.349,0.359,1,Moderate PFZ
10/5/2026,20.25,89.25,29.981,0.0045,-0.069,-0.196,0.208,1,Moderate PFZ
10/5/2026,20.25,89.3333,30.013,0.004,-0.058,-0.167,0.177,0,No PFZ
10/5/2026,20.25,89.4167,30.011,0.0033,-0.036,-0.147,0.152,0,No PFZ
10/5/2026,20.25,89.5,30.037,0.0006,0.002,-0.108,0.108,0,No PFZ
10/5/2026,20.25,89.5833,30.036,0.0041,0.035,-0.089,0.095,0,No PFZ
10/5/2026,20.25,89.6667,30.057,0.009,0.049,-0.087,0.1,1,Moderate PFZ
10/5/2026,20.25,89.75,29.931,0.0127,0.047,-0.127,0.135,1,Moderate PFZ
10/5/2026,20.25,89.8333,29.796,0.0106,0.055,-0.177,0.185,1,Moderate PFZ
10/5/2026,20.25,89.9167,29.686,0.0115,0.082,-0.172,0.191,1,Moderate PFZ
10/5/2026,20.25,90,30.01,0.0174,0.076,-0.068,0.102,1,Moderate PFZ
10/5/2026,20.25,90.0833,30.218,0.0105,0.016,-0.009,0.019,1,Moderate PFZ
10/5/2026,20.25,90.1667,30.183,0.0014,-0.031,-0.005,0.031,0,No PFZ
10/5/2026,20.25,90.25,30.155,0.0043,-0.04,-0.008,0.041,0,No PFZ
10/5/2026,20.25,90.3333,30.116,0.006,-0.069,0.036,0.078,0,No PFZ
10/5/2026,20.25,90.4167,30.079,0.0082,-0.141,0.077,0.16,1,Moderate PFZ
10/5/2026,20.25,90.5,29.98,0.0083,-0.2,0.059,0.209,1,Moderate PFZ
10/5/2026,20.25,90.5833,29.879,0.0037,-0.223,-0.005,0.223,1,Moderate PFZ
10/5/2026,20.25,90.6667,29.94,0.004,-0.229,-0.063,0.237,1,Moderate PFZ
10/5/2026,20.25,90.75,29.929,0.006,-0.233,-0.133,0.268,2,Strong PFZ
10/5/2026,20.25,90.8333,30.021,0.006,-0.221,-0.206,0.302,2,Strong PFZ
10/5/2026,20.25,90.9167,29.992,0.0064,-0.19,-0.249,0.313,2,Strong PFZ
10/5/2026,20.25,91,29.895,0.0062,-0.154,-0.246,0.291,1,Moderate PFZ
10/5/2026,20.25,91.0833,29.739,0.0021,-0.143,-0.14,0.2,1,Moderate PFZ
10/5/2026,20.25,91.1667,30.003,0.0028,-0.203,0.07,0.215,1,Moderate PFZ
10/5/2026,20.25,91.25,29.847,0.0047,-0.273,0.092,0.289,1,Moderate PFZ
10/5/2026,20.25,91.3333,29.899,0.0084,-0.295,0.035,0.297,2,Strong PFZ
10/5/2026,20.25,91.4167,29.934,0.0067,-0.304,-0.081,0.315,2,Strong PFZ
10/5/2026,20.25,91.5,29.862,0.0027,-0.291,-0.255,0.387,2,Strong PFZ
10/5/2026,20.25,91.5833,29.846,0.0028,-0.235,-0.344,0.416,1,Moderate PFZ
10/5/2026,20.25,91.6667,29.84,0.0055,-0.157,-0.363,0.396,2,Strong PFZ
10/5/2026,20.25,91.75,29.88,0.0099,-0.078,-0.306,0.315,2,Strong PFZ
10/5/2026,20.25,91.8333,30.015,0.0126,-0.015,-0.225,0.225,2,Strong PFZ
10/5/2026,20.25,91.9167,30.19,0.0091,0.006,-0.162,0.163,1,Moderate PFZ
10/5/2026,20.25,92,30.182,0.009,-0.023,-0.179,0.181,1,Moderate PFZ
10/5/2026,20.25,92.0833,30.044,0.0077,-0.049,-0.157,0.164,1,Moderate PFZ
10/5/2026,20.25,92.1667,30.048,0.0041,-0.035,-0.122,0.127,0,No PFZ
10/5/2026,20.25,92.25,30.001,0.0032,-0.019,-0.083,0.085,0,No PFZ
10/5/2026,20.25,92.3333,30.015,0.0074,-0.011,-0.067,0.068,1,Moderate PFZ
10/5/2026,20.25,92.4167,30.086,0.0144,0.026,-0.169,0.171,1,Moderate PFZ
10/5/2026,20.25,92.5,30.254,0.0185,0.014,-0.336,0.336,2,Strong PFZ
10/5/2026,20.25,92.5833,30.377,0.0215,-0.032,-0.276,0.277,2,Strong PFZ
10/5/2026,20.25,92.6667,30.563,0.0175,-0.026,-0.166,0.169,2,Strong PFZ
10/5/2026,20.25,92.75,30.956,0.0053,-0.007,-0.167,0.167,1,Moderate PFZ
10/5/2026,20.3333,87.8333,30.13,0.001,0.162,-0.053,0.17,0,No PFZ
10/5/2026,20.3333,87.9167,30.196,0.0027,0.095,-0.13,0.161,0,No PFZ
10/5/2026,20.3333,88,30.058,0.0023,0.089,-0.196,0.216,0,No PFZ
10/5/2026,20.3333,88.0833,30.112,0.0041,0.089,-0.078,0.118,0,No PFZ
10/5/2026,20.3333,88.1667,30.189,0.0054,0.084,0.149,0.171,0,No PFZ
10/5/2026,20.3333,88.25,30.223,0.003,0.087,0.138,0.163,0,No PFZ
10/5/2026,20.3333,88.3333,30.206,0.0019,0.066,0.046,0.081,0,No PFZ
10/5/2026,20.3333,88.4167,30.231,0.0015,0.052,-0.079,0.095,0,No PFZ
10/5/2026,20.3333,88.5,30.226,0.0019,0.042,-0.233,0.237,0,No PFZ
10/5/2026,20.3333,88.5833,30.218,0.0029,0.025,-0.377,0.377,1,Moderate PFZ
10/5/2026,20.3333,88.6667,30.182,0.0027,0.008,-0.478,0.478,1,Moderate PFZ
10/5/2026,20.3333,88.75,30.205,0.0027,-0.012,-0.535,0.535,1,Moderate PFZ
10/5/2026,20.3333,88.8333,30.25,0.0024,-0.026,-0.57,0.571,2,Strong PFZ
10/5/2026,20.3333,88.9167,30.243,0.0078,-0.01,-0.625,0.626,2,Strong PFZ
10/5/2026,20.3333,89,30.117,0.0104,0.017,-0.695,0.696,2,Strong PFZ
10/5/2026,20.3333,89.0833,29.99,0.0058,0.031,-0.678,0.679,2,Strong PFZ
10/5/2026,20.3333,89.1667,29.979,0.0027,0.025,-0.436,0.437,1,Moderate PFZ
10/5/2026,20.3333,89.25,30.081,0.0029,0.009,-0.209,0.209,1,Moderate PFZ
10/5/2026,20.3333,89.3333,30.042,0.0028,-0.002,-0.158,0.158,0,No PFZ
10/5/2026,20.3333,89.4167,30.063,0.0029,-0.003,-0.165,0.165,0,No PFZ
10/5/2026,20.3333,89.5,30.045,0.0045,0.011,-0.148,0.148,0,No PFZ
10/5/2026,20.3333,89.5833,29.945,0.0074,0.014,-0.127,0.128,1,Moderate PFZ
10/5/2026,20.3333,89.6667,29.884,0.009,-0.001,-0.147,0.147,1,Moderate PFZ
10/5/2026,20.3333,89.75,29.792,0.0081,-0.008,-0.177,0.178,1,Moderate PFZ
10/5/2026,20.3333,89.8333,29.73,0.0019,0.006,-0.205,0.205,1,Moderate PFZ
10/5/2026,20.3333,89.9167,29.733,0.0117,-0.011,-0.185,0.186,1,Moderate PFZ
10/5/2026,20.3333,90,30.063,0.0186,-0.049,-0.049,0.069,1,Moderate PFZ
10/5/2026,20.3333,90.0833,30.211,0.0105,-0.051,0.006,0.052,0,No PFZ
10/5/2026,20.3333,90.1667,30.174,0.0018,-0.042,-0.023,0.048,0,No PFZ
10/5/2026,20.3333,90.25,30.157,0.0036,-0.053,-0.017,0.055,0,No PFZ
10/5/2026,20.3333,90.3333,30.108,0.0053,-0.098,0.054,0.112,1,Moderate PFZ
10/5/2026,20.3333,90.4167,30.062,0.0078,-0.16,0.108,0.193,1,Moderate PFZ
10/5/2026,20.3333,90.5,29.982,0.0074,-0.189,0.071,0.202,1,Moderate PFZ
10/5/2026,20.3333,90.5833,29.917,0.002,-0.185,-0.018,0.186,1,Moderate PFZ
10/5/2026,20.3333,90.6667,29.931,0.0042,-0.197,-0.075,0.21,1,Moderate PFZ
10/5/2026,20.3333,90.75,30.003,0.0062,-0.213,-0.163,0.269,1,Moderate PFZ
10/5/2026,20.3333,90.8333,30.06,0.0045,-0.212,-0.238,0.319,2,Strong PFZ
10/5/2026,20.3333,90.9167,30.021,0.0086,-0.215,-0.273,0.348,2,Strong PFZ
10/5/2026,20.3333,91,29.894,0.0093,-0.223,-0.278,0.356,2,Strong PFZ
10/5/2026,20.3333,91.0833,29.737,0.0015,-0.21,-0.157,0.262,1,Moderate PFZ
10/5/2026,20.3333,91.1667,30.061,0.0068,-0.23,0.095,0.249,1,Moderate PFZ
10/5/2026,20.3333,91.25,29.9,0.0075,-0.264,0.106,0.284,2,Strong PFZ
10/5/2026,20.3333,91.3333,30.041,0.0088,-0.273,0.025,0.274,2,Strong PFZ
10/5/2026,20.3333,91.4167,29.991,0.0083,-0.283,-0.094,0.298,2,Strong PFZ
10/5/2026,20.3333,91.5,29.897,0.0076,-0.27,-0.265,0.378,2,Strong PFZ
10/5/2026,20.3333,91.5833,29.824,0.0035,-0.227,-0.389,0.451,2,Strong PFZ
10/5/2026,20.3333,91.6667,29.845,0.001,-0.168,-0.415,0.448,2,Strong PFZ
10/5/2026,20.3333,91.75,29.836,0.0076,-0.096,-0.351,0.363,2,Strong PFZ
10/5/2026,20.3333,91.8333,29.885,0.0168,-0.023,-0.225,0.226,2,Strong PFZ
10/5/2026,20.3333,91.9167,30.273,0.0144,0.021,-0.102,0.105,1,Moderate PFZ
10/5/2026,20.3333,92,30.319,0.0046,0.019,-0.108,0.11,1,Moderate PFZ
10/5/2026,20.3333,92.0833,30.164,0.0091,-0.01,-0.135,0.136,1,Moderate PFZ
10/5/2026,20.3333,92.1667,30.081,0.008,-0.011,-0.142,0.142,1,Moderate PFZ
10/5/2026,20.3333,92.25,30.103,0.0101,0.019,-0.114,0.115,1,Moderate PFZ
10/5/2026,20.3333,92.3333,30.088,0.015,0.053,-0.113,0.125,1,Moderate PFZ
10/5/2026,20.3333,92.4167,30.277,0.0185,0.054,-0.194,0.201,2,Strong PFZ
10/5/2026,20.3333,92.5,30.378,0.0182,0.016,-0.331,0.332,2,Strong PFZ
10/5/2026,20.3333,92.5833,30.458,0.0164,-0.004,-0.258,0.258,2,Strong PFZ
10/5/2026,20.3333,92.6667,30.673,0.0056,-0.01,-0.217,0.218,2,Strong PFZ
10/5/2026,20.3333,92.75,30.904,0.0224,-0.011,-0.159,0.16,1,Moderate PFZ
10/5/2026,20.4167,87.8333,30.157,0.003,0.18,0,0.18,0,No PFZ
10/5/2026,20.4167,87.9167,30.165,0.0042,0.101,-0.058,0.116,0,No PFZ
10/5/2026,20.4167,88,30.027,0.0033,0.099,-0.145,0.176,0,No PFZ
10/5/2026,20.4167,88.0833,30.046,0.0031,0.111,-0.125,0.167,0,No PFZ
10/5/2026,20.4167,88.1667,30.147,0.007,0.134,0.064,0.149,1,Moderate PFZ
10/5/2026,20.4167,88.25,30.233,0.0052,0.173,0.126,0.214,1,Moderate PFZ
10/5/2026,20.4167,88.3333,30.238,0.0018,0.19,0.061,0.199,0,No PFZ
10/5/2026,20.4167,88.4167,30.229,0.0008,0.192,-0.058,0.2,0,No PFZ
10/5/2026,20.4167,88.5,30.227,0.0013,0.18,-0.2,0.269,0,No PFZ
10/5/2026,20.4167,88.5833,30.257,0.0021,0.159,-0.335,0.371,1,Moderate PFZ
10/5/2026,20.4167,88.6667,30.225,0.0024,0.136,-0.429,0.45,1,Moderate PFZ
10/5/2026,20.4167,88.75,30.237,0.0024,0.109,-0.477,0.489,1,Moderate PFZ
10/5/2026,20.4167,88.8333,30.258,0.0022,0.085,-0.514,0.521,1,Moderate PFZ
10/5/2026,20.4167,88.9167,30.241,0.0071,0.085,-0.574,0.58,2,Strong PFZ
10/5/2026,20.4167,89,30.116,0.0092,0.098,-0.633,0.641,2,Strong PFZ
10/5/2026,20.4167,89.0833,30.021,0.0054,0.11,-0.636,0.646,2,Strong PFZ
10/5/2026,20.4167,89.1667,30.06,0.0027,0.115,-0.407,0.423,1,Moderate PFZ
10/5/2026,20.4167,89.25,30.02,0.0015,0.1,-0.192,0.217,0,No PFZ
10/5/2026,20.4167,89.3333,30.044,0.0017,0.07,-0.117,0.137,0,No PFZ
10/5/2026,20.4167,89.4167,30.089,0.0014,0.037,-0.152,0.156,0,No PFZ
10/5/2026,20.4167,89.5,30.116,0.006,0.006,-0.165,0.165,0,No PFZ
10/5/2026,20.4167,89.5833,29.91,0.0087,-0.019,-0.152,0.153,1,Moderate PFZ
10/5/2026,20.4167,89.6667,29.866,0.0074,-0.029,-0.18,0.182,1,Moderate PFZ
10/5/2026,20.4167,89.75,29.803,0.0062,-0.021,-0.186,0.187,1,Moderate PFZ
10/5/2026,20.4167,89.8333,29.849,0.0046,-0.02,-0.186,0.187,1,Moderate PFZ
10/5/2026,20.4167,89.9167,29.78,0.0081,-0.042,-0.17,0.175,1,Moderate PFZ
10/5/2026,20.4167,90,29.934,0.0166,-0.057,-0.077,0.096,1,Moderate PFZ
10/5/2026,20.4167,90.0833,30.207,0.0122,-0.059,-0.013,0.06,1,Moderate PFZ
10/5/2026,20.4167,90.1667,30.152,0.0033,-0.069,-0.026,0.074,0,No PFZ
10/5/2026,20.4167,90.25,30.149,0.0036,-0.092,-0.001,0.092,0,No PFZ
10/5/2026,20.4167,90.3333,30.136,0.0058,-0.124,0.074,0.145,1,Moderate PFZ
10/5/2026,20.4167,90.4167,30.096,0.0091,-0.156,0.111,0.192,1,Moderate PFZ
10/5/2026,20.4167,90.5,29.933,0.0076,-0.169,0.066,0.181,1,Moderate PFZ
10/5/2026,20.4167,90.5833,29.898,0.0002,-0.171,-0.026,0.173,1,Moderate PFZ
10/5/2026,20.4167,90.6667,29.941,0.0065,-0.187,-0.097,0.211,1,Moderate PFZ
10/5/2026,20.4167,90.75,30.05,0.0066,-0.186,-0.19,0.266,1,Moderate PFZ
10/5/2026,20.4167,90.8333,30.072,0.0034,-0.175,-0.233,0.291,2,Strong PFZ
10/5/2026,20.4167,90.9167,30.118,0.0084,-0.201,-0.258,0.327,2,Strong PFZ
10/5/2026,20.4167,91,29.965,0.0131,-0.245,-0.291,0.38,2,Strong PFZ
10/5/2026,20.4167,91.0833,29.695,0.0021,-0.236,-0.246,0.341,2,Strong PFZ
10/5/2026,20.4167,91.1667,29.986,0.0103,-0.194,-0.036,0.197,1,Moderate PFZ
10/5/2026,20.4167,91.25,30.057,0.0091,-0.191,0.157,0.247,1,Moderate PFZ
10/5/2026,20.4167,91.3333,30.077,0.0065,-0.211,0.038,0.215,1,Moderate PFZ
10/5/2026,20.4167,91.4167,30.088,0.0088,-0.226,-0.044,0.231,2,Strong PFZ
10/5/2026,20.4167,91.5,29.938,0.0103,-0.223,-0.21,0.306,2,Strong PFZ
10/5/2026,20.4167,91.5833,29.836,0.0065,-0.215,-0.366,0.425,2,Strong PFZ
10/5/2026,20.4167,91.6667,29.854,0.0052,-0.216,-0.424,0.476,2,Strong PFZ
10/5/2026,20.4167,91.75,29.839,0.0068,-0.196,-0.42,0.464,2,Strong PFZ
10/5/2026,20.4167,91.8333,29.853,0.014,-0.128,-0.316,0.341,2,Strong PFZ
10/5/2026,20.4167,91.9167,30.204,0.017,-0.035,-0.124,0.129,2,Strong PFZ
10/5/2026,20.4167,92,30.33,0.006,0.014,-0.076,0.077,1,Moderate PFZ
10/5/2026,20.4167,92.0833,30.222,0.0047,0.013,-0.127,0.128,1,Moderate PFZ
10/5/2026,20.4167,92.1667,30.187,0.0093,0.029,-0.185,0.187,1,Moderate PFZ
10/5/2026,20.4167,92.25,30.223,0.0151,0.065,-0.15,0.164,1,Moderate PFZ
10/5/2026,20.4167,92.3333,30.278,0.0194,0.088,-0.126,0.154,2,Strong PFZ
10/5/2026,20.4167,92.4167,30.394,0.0199,0.063,-0.173,0.184,2,Strong PFZ
10/5/2026,20.4167,92.5,30.439,0.0153,0.026,-0.285,0.286,2,Strong PFZ
10/5/2026,20.4167,92.5833,30.542,0.0025,0.018,-0.266,0.267,2,Strong PFZ
10/5/2026,20.4167,92.6667,30.795,0.0175,0.004,-0.254,0.254,1,Moderate PFZ
10/5/2026,20.5,87.8333,30.205,0.0034,0.085,0.073,0.112,0,No PFZ
10/5/2026,20.5,87.9167,30.157,0.0046,0.068,-0.011,0.069,0,No PFZ
10/5/2026,20.5,88,30.129,0.0053,0.099,-0.12,0.155,0,No PFZ
10/5/2026,20.5,88.0833,30.046,0.0014,0.117,-0.136,0.179,0,No PFZ
10/5/2026,20.5,88.1667,30.077,0.0051,0.15,-0.018,0.151,1,Moderate PFZ
10/5/2026,20.5,88.25,30.181,0.0065,0.21,0.059,0.218,1,Moderate PFZ
10/5/2026,20.5,88.3333,30.255,0.0037,0.266,0.038,0.269,1,Moderate PFZ
10/5/2026,20.5,88.4167,30.234,0.0016,0.293,-0.046,0.296,0,No PFZ
10/5/2026,20.5,88.5,30.255,0.0012,0.292,-0.164,0.335,0,No PFZ
10/5/2026,20.5,88.5833,30.278,0.0005,0.276,-0.281,0.394,0,No PFZ
10/5/2026,20.5,88.6667,30.238,0.0014,0.242,-0.356,0.431,1,Moderate PFZ
10/5/2026,20.5,88.75,30.251,0.0023,0.19,-0.384,0.428,1,Moderate PFZ
10/5/2026,20.5,88.8333,30.29,0.0029,0.15,-0.428,0.454,1,Moderate PFZ
10/5/2026,20.5,88.9167,30.231,0.0075,0.15,-0.513,0.534,2,Strong PFZ
10/5/2026,20.5,89,30.126,0.0081,0.148,-0.582,0.6,2,Strong PFZ
10/5/2026,20.5,89.0833,30.063,0.0039,0.127,-0.591,0.604,2,Strong PFZ
10/5/2026,20.5,89.1667,30.084,0.0024,0.12,-0.37,0.389,1,Moderate PFZ
10/5/2026,20.5,89.25,30.071,0.002,0.112,-0.11,0.157,0,No PFZ
10/5/2026,20.5,89.3333,30.016,0.0013,0.087,-0.038,0.095,0,No PFZ
10/5/2026,20.5,89.4167,30.103,0.0001,0.047,-0.083,0.095,0,No PFZ
10/5/2026,20.5,89.5,30.067,0.004,-0.012,-0.13,0.131,0,No PFZ
10/5/2026,20.5,89.5833,29.99,0.0069,-0.044,-0.15,0.157,1,Moderate PFZ
10/5/2026,20.5,89.6667,29.983,0.0097,-0.052,-0.175,0.182,1,Moderate PFZ
10/5/2026,20.5,89.75,29.905,0.0109,-0.062,-0.177,0.187,1,Moderate PFZ
10/5/2026,20.5,89.8333,29.853,0.0082,-0.057,-0.173,0.182,1,Moderate PFZ
10/5/2026,20.5,89.9167,29.841,0.0038,-0.046,-0.172,0.178,1,Moderate PFZ
10/5/2026,20.5,90,29.792,0.0124,-0.048,-0.091,0.103,1,Moderate PFZ
10/5/2026,20.5,90.0833,30.15,0.0136,-0.071,-0.009,0.072,1,Moderate PFZ
10/5/2026,20.5,90.1667,30.15,0.0068,-0.101,-0.004,0.101,1,Moderate PFZ
10/5/2026,20.5,90.25,30.126,0.0072,-0.127,0.009,0.127,1,Moderate PFZ
10/5/2026,20.5,90.3333,30.112,0.0087,-0.15,0.079,0.17,1,Moderate PFZ
10/5/2026,20.5,90.4167,30.046,0.0091,-0.169,0.093,0.192,1,Moderate PFZ
10/5/2026,20.5,90.5,29.88,0.0046,-0.171,0.025,0.173,1,Moderate PFZ
10/5/2026,20.5,90.5833,29.849,0.0048,-0.166,-0.051,0.174,1,Moderate PFZ
10/5/2026,20.5,90.6667,30.002,0.0084,-0.165,-0.131,0.211,1,Moderate PFZ
10/5/2026,20.5,90.75,30.082,0.0059,-0.149,-0.185,0.237,1,Moderate PFZ
10/5/2026,20.5,90.8333,30.036,0.0037,-0.134,-0.214,0.253,1,Moderate PFZ
10/5/2026,20.5,90.9167,30.176,0.0057,-0.157,-0.23,0.279,2,Strong PFZ
10/5/2026,20.5,91,30.081,0.0143,-0.202,-0.267,0.334,2,Strong PFZ
10/5/2026,20.5,91.0833,29.771,0.007,-0.209,-0.278,0.348,2,Strong PFZ
10/5/2026,20.5,91.1667,29.841,0.0101,-0.149,-0.18,0.234,2,Strong PFZ
10/5/2026,20.5,91.25,30.222,0.0105,-0.096,0.151,0.179,1,Moderate PFZ
10/5/2026,20.5,91.3333,30.125,0.0014,-0.104,0.113,0.154,1,Moderate PFZ
10/5/2026,20.5,91.4167,30.144,0.0067,-0.143,0.03,0.146,1,Moderate PFZ
10/5/2026,20.5,91.5,29.988,0.0098,-0.171,-0.124,0.211,1,Moderate PFZ
10/5/2026,20.5,91.5833,29.904,0.0078,-0.198,-0.3,0.36,2,Strong PFZ
10/5/2026,20.5,91.6667,29.947,0.0089,-0.248,-0.393,0.465,2,Strong PFZ
10/5/2026,20.5,91.75,29.961,0.0106,-0.286,-0.467,0.548,2,Strong PFZ
10/5/2026,20.5,91.8333,29.928,0.0089,-0.256,-0.465,0.531,2,Strong PFZ
10/5/2026,20.5,91.9167,29.969,0.0124,-0.144,-0.282,0.317,2,Strong PFZ
10/5/2026,20.5,92,30.275,0.0111,-0.036,-0.096,0.103,1,Moderate PFZ
10/5/2026,20.5,92.0833,30.239,0.006,0.018,-0.127,0.128,1,Moderate PFZ
10/5/2026,20.5,92.1667,30.271,0.0113,0.054,-0.26,0.265,2,Strong PFZ
10/5/2026,20.5,92.25,30.376,0.0185,0.073,-0.171,0.186,2,Strong PFZ
10/5/2026,20.5,92.3333,30.455,0.0216,0.067,-0.143,0.158,2,Strong PFZ
10/5/2026,20.5,92.4167,30.564,0.0178,0.047,-0.145,0.152,2,Strong PFZ
10/5/2026,20.5,92.5,30.704,0.007,0.027,-0.198,0.2,2,Strong PFZ
10/5/2026,20.5,92.5833,30.68,0.0178,0.024,-0.233,0.234,1,Moderate PFZ
10/5/2026,20.5833,87.8333,30.196,0.003,-0.003,0.063,0.063,0,No PFZ
10/5/2026,20.5833,87.9167,30.206,0.004,0.063,-0.05,0.08,0,No PFZ
10/5/2026,20.5833,88,30.166,0.0051,0.114,-0.128,0.171,0,No PFZ
10/5/2026,20.5833,88.0833,30.107,0.003,0.128,-0.139,0.189,0,No PFZ
10/5/2026,20.5833,88.1667,30.088,0.0024,0.155,-0.061,0.166,0,No PFZ
10/5/2026,20.5833,88.25,30.129,0.0048,0.223,-0.001,0.223,1,Moderate PFZ
10/5/2026,20.5833,88.3333,30.2,0.0042,0.298,0.001,0.298,1,Moderate PFZ
10/5/2026,20.5833,88.4167,30.195,0.0027,0.347,-0.048,0.35,1,Moderate PFZ
10/5/2026,20.5833,88.5,30.24,0.0017,0.366,-0.132,0.389,1,Moderate PFZ
10/5/2026,20.5833,88.5833,30.247,0.001,0.352,-0.216,0.413,1,Moderate PFZ
10/5/2026,20.5833,88.6667,30.236,0.0022,0.288,-0.266,0.392,1,Moderate PFZ
10/5/2026,20.5833,88.75,30.277,0.0026,0.208,-0.278,0.348,1,Moderate PFZ
10/5/2026,20.5833,88.8333,30.305,0.0038,0.168,-0.342,0.381,1,Moderate PFZ
10/5/2026,20.5833,88.9167,30.226,0.0087,0.17,-0.433,0.465,2,Strong PFZ
10/5/2026,20.5833,89,30.116,0.008,0.152,-0.526,0.547,2,Strong PFZ
10/5/2026,20.5833,89.0833,30.043,0.0025,0.103,-0.59,0.599,1,Moderate PFZ
10/5/2026,20.5833,89.1667,30.084,0.0023,0.073,-0.389,0.396,1,Moderate PFZ
10/5/2026,20.5833,89.25,30.08,0.0028,0.053,-0.056,0.077,0,No PFZ
10/5/2026,20.5833,89.3333,30.05,0.0017,0.029,0.017,0.033,0,No PFZ
10/5/2026,20.5833,89.4167,30.111,0.0007,-0.008,-0.015,0.017,0,No PFZ
10/5/2026,20.5833,89.5,30.034,0.0016,-0.063,-0.067,0.092,0,No PFZ
10/5/2026,20.5833,89.5833,30.053,0.0054,-0.098,-0.106,0.144,1,Moderate PFZ
10/5/2026,20.5833,89.6667,30.071,0.0092,-0.113,-0.139,0.18,1,Moderate PFZ
10/5/2026,20.5833,89.75,30.055,0.0127,-0.119,-0.169,0.206,2,Strong PFZ
10/5/2026,20.5833,89.8333,29.916,0.0124,-0.1,-0.175,0.201,2,Strong PFZ
10/5/2026,20.5833,89.9167,29.913,0.0067,-0.066,-0.166,0.178,1,Moderate PFZ
10/5/2026,20.5833,90,29.81,0.0056,-0.058,-0.076,0.096,1,Moderate PFZ
10/5/2026,20.5833,90.0833,30.066,0.0118,-0.094,0.047,0.105,1,Moderate PFZ
10/5/2026,20.5833,90.1667,30.092,0.0098,-0.139,0.067,0.154,1,Moderate PFZ
10/5/2026,20.5833,90.25,30.012,0.0089,-0.168,0.021,0.169,1,Moderate PFZ
10/5/2026,20.5833,90.3333,29.966,0.0076,-0.19,0.036,0.193,1,Moderate PFZ
10/5/2026,20.5833,90.4167,29.913,0.0038,-0.208,0.035,0.211,1,Moderate PFZ
10/5/2026,20.5833,90.5,29.913,0.003,-0.205,-0.033,0.207,1,Moderate PFZ
10/5/2026,20.5833,90.5833,29.984,0.008,-0.187,-0.101,0.213,1,Moderate PFZ
10/5/2026,20.5833,90.6667,30.071,0.0074,-0.175,-0.142,0.225,1,Moderate PFZ
10/5/2026,20.5833,90.75,30.097,0.0045,-0.161,-0.187,0.247,1,Moderate PFZ
10/5/2026,20.5833,90.8333,30.076,0.0038,-0.143,-0.217,0.26,1,Moderate PFZ
10/5/2026,20.5833,90.9167,30.184,0.0032,-0.141,-0.23,0.269,1,Moderate PFZ
10/5/2026,20.5833,91,30.139,0.0128,-0.164,-0.262,0.309,2,Strong PFZ
10/5/2026,20.5833,91.0833,29.859,0.0108,-0.176,-0.269,0.321,2,Strong PFZ
10/5/2026,20.5833,91.1667,29.905,0.0042,-0.134,-0.234,0.27,2,Strong PFZ
10/5/2026,20.5833,91.25,30.007,0.0099,-0.05,-0.042,0.066,1,Moderate PFZ
10/5/2026,20.5833,91.3333,30.154,0.0071,-0.015,0.136,0.137,1,Moderate PFZ
10/5/2026,20.5833,91.4167,30.113,0.0012,-0.076,0.112,0.135,1,Moderate PFZ
10/5/2026,20.5833,91.5,30.048,0.0073,-0.142,-0.043,0.148,1,Moderate PFZ
10/5/2026,20.5833,91.5833,29.98,0.0077,-0.192,-0.235,0.303,2,Strong PFZ
10/5/2026,20.5833,91.6667,30.044,0.0093,-0.249,-0.343,0.424,2,Strong PFZ
10/5/2026,20.5833,91.75,30.125,0.0108,-0.29,-0.444,0.531,2,Strong PFZ
10/5/2026,20.5833,91.8333,30.089,0.0096,-0.293,-0.542,0.617,2,Strong PFZ
10/5/2026,20.5833,91.9167,30.01,0.0064,-0.219,-0.49,0.537,2,Strong PFZ
10/5/2026,20.5833,92,30.107,0.0105,-0.086,-0.246,0.26,2,Strong PFZ
10/5/2026,20.5833,92.0833,30.293,0.0118,0.015,-0.149,0.149,2,Strong PFZ
10/5/2026,20.5833,92.1667,30.328,0.016,0.028,-0.335,0.336,2,Strong PFZ
10/5/2026,20.5833,92.25,30.585,0.0207,0.022,-0.148,0.149,2,Strong PFZ
10/5/2026,20.5833,92.3333,30.64,0.0174,0.036,-0.141,0.145,1,Moderate PFZ
10/5/2026,20.5833,92.4167,30.802,0.0046,0.042,-0.113,0.121,1,Moderate PFZ
10/5/2026,20.5833,92.5,30.914,0.0221,0.036,-0.152,0.157,1,Moderate PFZ
10/5/2026,20.6667,87.8333,30.22,0.0045,0.002,-0.031,0.031,0,No PFZ
10/5/2026,20.6667,87.9167,30.233,0.0041,0.081,-0.101,0.129,0,No PFZ
10/5/2026,20.6667,88,30.17,0.0048,0.124,-0.144,0.19,1,Moderate PFZ
10/5/2026,20.6667,88.0833,30.115,0.0021,0.141,-0.15,0.206,0,No PFZ
10/5/2026,20.6667,88.1667,30.141,0.0017,0.161,-0.094,0.187,0,No PFZ
10/5/2026,20.6667,88.25,30.161,0.0032,0.221,-0.047,0.226,1,Moderate PFZ
10/5/2026,20.6667,88.3333,30.172,0.0038,0.292,-0.04,0.295,1,Moderate PFZ
10/5/2026,20.6667,88.4167,30.225,0.0032,0.34,-0.059,0.345,1,Moderate PFZ
10/5/2026,20.6667,88.5,30.247,0.0021,0.354,-0.101,0.368,1,Moderate PFZ
10/5/2026,20.6667,88.5833,30.23,0.0026,0.317,-0.144,0.348,1,Moderate PFZ
10/5/2026,20.6667,88.6667,30.261,0.0037,0.226,-0.161,0.277,1,Moderate PFZ
10/5/2026,20.6667,88.75,30.315,0.002,0.154,-0.187,0.242,1,Moderate PFZ
10/5/2026,20.6667,88.8333,30.335,0.0053,0.146,-0.273,0.31,1,Moderate PFZ
10/5/2026,20.6667,88.9167,30.227,0.0101,0.14,-0.351,0.378,2,Strong PFZ
10/5/2026,20.6667,89,30.076,0.0072,0.105,-0.483,0.495,2,Strong PFZ
10/5/2026,20.6667,89.0833,30.046,0.0011,0.05,-0.595,0.598,1,Moderate PFZ
10/5/2026,20.6667,89.1667,30.142,0.0033,0,-0.388,0.388,1,Moderate PFZ
10/5/2026,20.6667,89.25,30.113,0.0037,-0.036,-0.027,0.045,0,No PFZ
10/5/2026,20.6667,89.3333,30.095,0.0035,-0.061,0.033,0.07,0,No PFZ
10/5/2026,20.6667,89.4167,30.038,0.002,-0.097,0.03,0.101,0,No PFZ
10/5/2026,20.6667,89.5,30.041,0.0042,-0.14,-0.02,0.142,0,No PFZ
10/5/2026,20.6667,89.5833,30.094,0.0067,-0.171,-0.089,0.192,1,Moderate PFZ
10/5/2026,20.6667,89.6667,30.14,0.0073,-0.197,-0.137,0.24,1,Moderate PFZ
10/5/2026,20.6667,89.75,30.196,0.01,-0.196,-0.176,0.264,2,Strong PFZ
10/5/2026,20.6667,89.8333,30.053,0.0145,-0.172,-0.178,0.248,2,Strong PFZ
10/5/2026,20.6667,89.9167,29.914,0.0132,-0.132,-0.158,0.206,2,Strong PFZ
10/5/2026,20.6667,90,29.821,0.005,-0.107,-0.074,0.13,1,Moderate PFZ
10/5/2026,20.6667,90.0833,29.88,0.0049,-0.123,0.045,0.131,1,Moderate PFZ
10/5/2026,20.6667,90.1667,29.916,0.0064,-0.158,0.077,0.176,1,Moderate PFZ
10/5/2026,20.6667,90.25,29.893,0.0024,-0.187,0.013,0.187,1,Moderate PFZ
10/5/2026,20.6667,90.3333,29.872,0.0004,-0.216,0.007,0.216,1,Moderate PFZ
10/5/2026,20.6667,90.4167,29.929,0.0025,-0.241,0.003,0.241,1,Moderate PFZ
10/5/2026,20.6667,90.5,29.998,0.0055,-0.235,-0.047,0.24,1,Moderate PFZ
10/5/2026,20.6667,90.5833,30.079,0.0065,-0.215,-0.1,0.237,1,Moderate PFZ
10/5/2026,20.6667,90.6667,30.098,0.0048,-0.2,-0.147,0.248,1,Moderate PFZ
10/5/2026,20.6667,90.75,30.117,0.0031,-0.187,-0.207,0.279,1,Moderate PFZ
10/5/2026,20.6667,90.8333,30.11,0.0033,-0.165,-0.251,0.3,1,Moderate PFZ
10/5/2026,20.6667,90.9167,30.167,0.0018,-0.142,-0.238,0.277,1,Moderate PFZ
10/5/2026,20.6667,91,30.213,0.01,-0.145,-0.247,0.286,2,Strong PFZ
10/5/2026,20.6667,91.0833,29.932,0.0132,-0.152,-0.26,0.301,2,Strong PFZ
10/5/2026,20.6667,91.1667,29.918,0.0043,-0.122,-0.257,0.285,2,Strong PFZ
10/5/2026,20.6667,91.25,29.931,0.0039,-0.071,-0.127,0.145,1,Moderate PFZ
10/5/2026,20.6667,91.3333,29.897,0.0075,-0.055,0.049,0.074,1,Moderate PFZ
10/5/2026,20.6667,91.4167,30.082,0.0065,-0.107,0.157,0.19,1,Moderate PFZ
10/5/2026,20.6667,91.5,30.158,0.0076,-0.137,0.007,0.137,1,Moderate PFZ
10/5/2026,20.6667,91.5833,30.039,0.0079,-0.168,-0.196,0.259,2,Strong PFZ
10/5/2026,20.6667,91.6667,30.094,0.0078,-0.228,-0.322,0.394,2,Strong PFZ
10/5/2026,20.6667,91.75,30.204,0.0077,-0.253,-0.422,0.492,2,Strong PFZ
10/5/2026,20.6667,91.8333,30.2,0.0079,-0.247,-0.547,0.6,2,Strong PFZ
10/5/2026,20.6667,91.9167,30.127,0.0072,-0.197,-0.576,0.609,2,Strong PFZ
10/5/2026,20.6667,92,30.138,0.0099,-0.101,-0.471,0.481,2,Strong PFZ
10/5/2026,20.6667,92.0833,30.317,0.0128,-0.013,-0.22,0.22,2,Strong PFZ
10/5/2026,20.6667,92.1667,30.298,0.0196,0.001,-0.375,0.375,2,Strong PFZ
10/5/2026,20.6667,92.25,30.708,0.0203,0.007,-0.118,0.118,2,Strong PFZ
10/5/2026,20.6667,92.3333,30.856,0.0028,0.033,-0.085,0.091,1,Moderate PFZ
10/5/2026,20.6667,92.4167,30.927,0.0237,0.041,-0.104,0.112,1,Moderate PFZ
10/5/2026,20.75,87.8333,30.304,0.0076,0.04,-0.112,0.119,1,Moderate PFZ
10/5/2026,20.75,87.9167,30.228,0.0072,0.102,-0.155,0.186,1,Moderate PFZ
10/5/2026,20.75,88,30.15,0.0061,0.135,-0.161,0.21,1,Moderate PFZ
10/5/2026,20.75,88.0833,30.101,0.0014,0.142,-0.148,0.205,0,No PFZ
10/5/2026,20.75,88.1667,30.114,0.002,0.147,-0.12,0.19,0,No PFZ
10/5/2026,20.75,88.25,30.149,0.003,0.184,-0.103,0.211,1,Moderate PFZ
10/5/2026,20.75,88.3333,30.168,0.0039,0.225,-0.083,0.24,1,Moderate PFZ
10/5/2026,20.75,88.4167,30.254,0.0039,0.24,-0.074,0.252,1,Moderate PFZ
10/5/2026,20.75,88.5,30.23,0.0036,0.222,-0.063,0.231,1,Moderate PFZ
10/5/2026,20.75,88.5833,30.267,0.0044,0.156,-0.065,0.169,1,Moderate PFZ
10/5/2026,20.75,88.6667,30.324,0.003,0.09,-0.076,0.117,0,No PFZ
10/5/2026,20.75,88.75,30.335,0.0015,0.085,-0.15,0.172,1,Moderate PFZ
10/5/2026,20.75,88.8333,30.301,0.0072,0.1,-0.223,0.244,1,Moderate PFZ
10/5/2026,20.75,88.9167,30.189,0.0099,0.055,-0.286,0.291,2,Strong PFZ
10/5/2026,20.75,89,30.063,0.0052,0.022,-0.468,0.468,2,Strong PFZ
10/5/2026,20.75,89.0833,30.068,0.0024,0.007,-0.582,0.582,1,Moderate PFZ
10/5/2026,20.75,89.1667,30.179,0.0035,-0.05,-0.368,0.371,1,Moderate PFZ
10/5/2026,20.75,89.25,30.141,0.004,-0.122,0.006,0.122,0,No PFZ
10/5/2026,20.75,89.3333,30.073,0.0052,-0.168,0.054,0.177,0,No PFZ
10/5/2026,20.75,89.4167,30.063,0.0046,-0.184,0.038,0.188,0,No PFZ
10/5/2026,20.75,89.5,30.137,0.0051,-0.205,-0.003,0.205,1,Moderate PFZ
10/5/2026,20.75,89.5833,30.191,0.0046,-0.23,-0.064,0.238,1,Moderate PFZ
10/5/2026,20.75,89.6667,30.213,0.0027,-0.247,-0.129,0.279,1,Moderate PFZ
10/5/2026,20.75,89.75,30.24,0.0032,-0.25,-0.183,0.31,1,Moderate PFZ
10/5/2026,20.75,89.8333,30.218,0.0097,-0.247,-0.206,0.321,2,Strong PFZ
10/5/2026,20.75,89.9167,30.087,0.0152,-0.221,-0.19,0.292,2,Strong PFZ
10/5/2026,20.75,90,29.911,0.0141,-0.182,-0.111,0.213,2,Strong PFZ
10/5/2026,20.75,90.0833,29.798,0.0068,-0.164,0.005,0.164,1,Moderate PFZ
10/5/2026,20.75,90.1667,29.858,0.0053,-0.172,0.064,0.183,1,Moderate PFZ
10/5/2026,20.75,90.25,29.996,0.0061,-0.191,0.03,0.194,1,Moderate PFZ
10/5/2026,20.75,90.3333,30.034,0.0046,-0.218,0.012,0.219,1,Moderate PFZ
10/5/2026,20.75,90.4167,29.98,0.0017,-0.228,-0.011,0.229,1,Moderate PFZ
10/5/2026,20.75,90.5,29.976,0.0034,-0.205,-0.063,0.215,1,Moderate PFZ
10/5/2026,20.75,90.5833,30.041,0.0059,-0.179,-0.104,0.207,1,Moderate PFZ
10/5/2026,20.75,90.6667,30.107,0.0049,-0.165,-0.15,0.223,1,Moderate PFZ
10/5/2026,20.75,90.75,30.139,0.0031,-0.15,-0.22,0.266,1,Moderate PFZ
10/5/2026,20.75,90.8333,30.116,0.0031,-0.135,-0.286,0.317,1,Moderate PFZ
10/5/2026,20.75,90.9167,30.166,0.0025,-0.122,-0.263,0.29,1,Moderate PFZ
10/5/2026,20.75,91,30.254,0.0059,-0.121,-0.241,0.27,1,Moderate PFZ
10/5/2026,20.75,91.0833,30.112,0.0128,-0.138,-0.256,0.291,2,Strong PFZ
10/5/2026,20.75,91.1667,29.923,0.0081,-0.127,-0.285,0.312,2,Strong PFZ
10/5/2026,20.75,91.25,29.995,0.004,-0.102,-0.161,0.191,1,Moderate PFZ
10/5/2026,20.75,91.3333,29.93,0.0099,-0.121,0.04,0.128,1,Moderate PFZ
10/5/2026,20.75,91.4167,30.111,0.0125,-0.141,0.151,0.207,1,Moderate PFZ
10/5/2026,20.75,91.5,30.265,0.0094,-0.111,-0.007,0.111,1,Moderate PFZ
10/5/2026,20.75,91.5833,30.098,0.0087,-0.119,-0.168,0.206,1,Moderate PFZ
10/5/2026,20.75,91.6667,30.133,0.0056,-0.173,-0.31,0.355,2,Strong PFZ
10/5/2026,20.75,91.75,30.231,0.0052,-0.191,-0.407,0.45,2,Strong PFZ
10/5/2026,20.75,91.8333,30.244,0.0052,-0.176,-0.532,0.56,2,Strong PFZ
10/5/2026,20.75,91.9167,30.153,0.008,-0.139,-0.602,0.617,2,Strong PFZ
10/5/2026,20.75,92,30.265,0.0118,-0.088,-0.53,0.538,2,Strong PFZ
10/5/2026,20.75,92.0833,30.337,0.0122,-0.029,-0.32,0.321,2,Strong PFZ
10/5/2026,20.75,92.1667,30.3,0.0186,0.019,-0.402,0.403,2,Strong PFZ
10/5/2026,20.75,92.25,30.74,0.0147,0.041,-0.116,0.123,2,Strong PFZ
10/5/2026,20.75,92.3333,30.888,0.0154,0.04,-0.083,0.093,1,Moderate PFZ
10/5/2026,20.8333,87.8333,30.353,0.012,0.095,-0.161,0.187,1,Moderate PFZ
10/5/2026,20.8333,87.9167,30.188,0.0108,0.159,-0.193,0.25,1,Moderate PFZ
10/5/2026,20.8333,88,30.061,0.0052,0.156,-0.146,0.213,1,Moderate PFZ
10/5/2026,20.8333,88.0833,30.102,0.003,0.116,-0.1,0.153,1,Moderate PFZ
10/5/2026,20.8333,88.1667,30.145,0.0051,0.093,-0.099,0.136,1,Moderate PFZ
10/5/2026,20.8333,88.25,30.16,0.0042,0.105,-0.133,0.17,1,Moderate PFZ
10/5/2026,20.8333,88.3333,30.163,0.0047,0.113,-0.092,0.145,1,Moderate PFZ
10/5/2026,20.8333,88.4167,30.196,0.0059,0.106,-0.084,0.135,1,Moderate PFZ
10/5/2026,20.8333,88.5,30.256,0.0067,0.079,-0.037,0.087,1,Moderate PFZ
10/5/2026,20.8333,88.5833,30.36,0.0055,0.03,-0.003,0.03,0,No PFZ
10/5/2026,20.8333,88.6667,30.324,0.0024,0.031,-0.043,0.053,0,No PFZ
10/5/2026,20.8333,88.75,30.304,0.0034,0.05,-0.134,0.143,1,Moderate PFZ
10/5/2026,20.8333,88.8333,30.287,0.0074,0.009,-0.17,0.17,1,Moderate PFZ
10/5/2026,20.8333,88.9167,30.132,0.0083,-0.047,-0.267,0.271,2,Strong PFZ
10/5/2026,20.8333,89,30.092,0.004,-0.03,-0.445,0.446,1,Moderate PFZ
10/5/2026,20.8333,89.0833,30.108,0.0024,-0.01,-0.507,0.507,1,Moderate PFZ
10/5/2026,20.8333,89.1667,30.159,0.0039,-0.076,-0.329,0.337,1,Moderate PFZ
10/5/2026,20.8333,89.25,30.232,0.002,-0.161,0.012,0.162,1,Moderate PFZ
10/5/2026,20.8333,89.3333,30.222,0.003,-0.201,0.071,0.213,0,No PFZ
10/5/2026,20.8333,89.4167,30.204,0.002,-0.208,0.055,0.215,0,No PFZ
10/5/2026,20.8333,89.5,30.182,0.0011,-0.231,0.03,0.233,1,Moderate PFZ
10/5/2026,20.8333,89.5833,30.212,0.0034,-0.256,-0.028,0.258,1,Moderate PFZ
10/5/2026,20.8333,89.6667,30.209,0.0041,-0.253,-0.11,0.276,1,Moderate PFZ
10/5/2026,20.8333,89.75,30.188,0.0036,-0.251,-0.156,0.296,1,Moderate PFZ
10/5/2026,20.8333,89.8333,30.203,0.001,-0.262,-0.201,0.33,1,Moderate PFZ
10/5/2026,20.8333,89.9167,30.205,0.0078,-0.25,-0.235,0.343,1,Moderate PFZ
10/5/2026,20.8333,90,30.164,0.0132,-0.228,-0.143,0.269,2,Strong PFZ
10/5/2026,20.8333,90.0833,30.023,0.0128,-0.216,-0.056,0.223,1,Moderate PFZ
10/5/2026,20.8333,90.1667,30.01,0.0105,-0.199,0.038,0.203,1,Moderate PFZ
10/5/2026,20.8333,90.25,30.044,0.007,-0.189,0.043,0.194,1,Moderate PFZ
10/5/2026,20.8333,90.3333,30.104,0.0039,-0.197,0.038,0.2,1,Moderate PFZ
10/5/2026,20.8333,90.4167,29.979,0.0035,-0.195,-0.006,0.195,1,Moderate PFZ
10/5/2026,20.8333,90.5,29.968,0.0025,-0.158,-0.108,0.191,1,Moderate PFZ
10/5/2026,20.8333,90.5833,29.995,0.0066,-0.124,-0.149,0.194,1,Moderate PFZ
10/5/2026,20.8333,90.6667,30.078,0.0069,-0.108,-0.167,0.199,1,Moderate PFZ
10/5/2026,20.8333,90.75,30.156,0.0047,-0.086,-0.235,0.25,1,Moderate PFZ
10/5/2026,20.8333,90.8333,30.137,0.0038,-0.076,-0.302,0.311,1,Moderate PFZ
10/5/2026,20.8333,90.9167,30.154,0.0028,-0.083,-0.273,0.285,1,Moderate PFZ
10/5/2026,20.8333,91,30.232,0.0026,-0.096,-0.224,0.243,1,Moderate PFZ
10/5/2026,20.8333,91.0833,30.184,0.0099,-0.117,-0.227,0.255,2,Strong PFZ
10/5/2026,20.8333,91.1667,29.988,0.008,-0.117,-0.282,0.305,2,Strong PFZ
10/5/2026,20.8333,91.25,30.023,0.0059,-0.101,-0.185,0.211,1,Moderate PFZ
10/5/2026,20.8333,91.3333,30.083,0.0134,-0.117,0.011,0.118,1,Moderate PFZ
10/5/2026,20.8333,91.4167,30.235,0.0135,-0.119,0.075,0.14,1,Moderate PFZ
10/5/2026,20.8333,91.5,30.374,0.0072,-0.087,-0.029,0.092,1,Moderate PFZ
10/5/2026,20.8333,91.5833,30.263,0.0079,-0.089,-0.132,0.159,1,Moderate PFZ
10/5/2026,20.8333,91.6667,30.165,0.0032,-0.114,-0.274,0.297,1,Moderate PFZ
10/5/2026,20.8333,91.75,30.232,0.0041,-0.124,-0.376,0.396,2,Strong PFZ
10/5/2026,20.8333,91.8333,30.293,0.0053,-0.105,-0.503,0.514,2,Strong PFZ
10/5/2026,20.8333,91.9167,30.207,0.0101,-0.082,-0.593,0.599,2,Strong PFZ
10/5/2026,20.8333,92,30.415,0.0132,-0.06,-0.571,0.574,2,Strong PFZ
10/5/2026,20.8333,92.0833,30.417,0.0109,-0.012,-0.39,0.39,2,Strong PFZ
10/5/2026,20.8333,92.1667,30.439,0.0097,0.058,-0.343,0.348,2,Strong PFZ
10/5/2026,20.8333,92.25,30.759,0.0155,0.087,-0.249,0.264,2,Strong PFZ
10/5/2026,20.8333,92.3333,30.928,0.0258,0.07,-0.105,0.126,1,Moderate PFZ
10/5/2026,20.9167,87.8333,30.387,0.0147,0.158,-0.164,0.228,2,Strong PFZ
10/5/2026,20.9167,87.9167,30.123,0.0111,0.181,-0.169,0.248,1,Moderate PFZ
10/5/2026,20.9167,88,30.021,0.0053,0.104,-0.09,0.138,1,Moderate PFZ
10/5/2026,20.9167,88.0833,30.093,0.0128,0.019,-0.041,0.045,1,Moderate PFZ
10/5/2026,20.9167,88.1667,30.144,0.014,-0.019,-0.086,0.088,1,Moderate PFZ
10/5/2026,20.9167,88.25,30.146,0.0123,-0.046,-0.102,0.112,1,Moderate PFZ
10/5/2026,20.9167,88.3333,30.157,0.0134,-0.065,-0.023,0.069,1,Moderate PFZ
10/5/2026,20.9167,88.4167,30.221,0.0143,-0.058,-0.068,0.09,1,Moderate PFZ
10/5/2026,20.9167,88.5,30.248,0.0135,-0.059,-0.012,0.06,1,Moderate PFZ
10/5/2026,20.9167,88.5833,30.313,0.0111,-0.055,0.019,0.058,1,Moderate PFZ
10/5/2026,20.9167,88.6667,30.304,0.0082,-0.02,-0.041,0.046,1,Moderate PFZ
10/5/2026,20.9167,88.75,30.293,0.0066,-0.02,-0.097,0.099,1,Moderate PFZ
10/5/2026,20.9167,88.8333,30.252,0.0073,-0.042,-0.17,0.175,1,Moderate PFZ
10/5/2026,20.9167,88.9167,30.183,0.0076,-0.031,-0.261,0.263,2,Strong PFZ
10/5/2026,20.9167,89,30.128,0.0047,-0.023,-0.357,0.358,1,Moderate PFZ
10/5/2026,20.9167,89.0833,30.099,0.0004,-0.063,-0.412,0.417,1,Moderate PFZ
10/5/2026,20.9167,89.1667,30.136,0.0033,-0.135,-0.289,0.319,1,Moderate PFZ
10/5/2026,20.9167,89.25,30.189,0.0025,-0.166,0.059,0.176,1,Moderate PFZ
10/5/2026,20.9167,89.3333,30.202,0.0033,-0.151,0.137,0.204,0,No PFZ
10/5/2026,20.9167,89.4167,30.132,0.0051,-0.151,0.103,0.182,0,No PFZ
10/5/2026,20.9167,89.5,30.079,0.0047,-0.174,0.092,0.197,0,No PFZ
10/5/2026,20.9167,89.5833,30.055,0.0045,-0.192,0.012,0.192,1,Moderate PFZ
10/5/2026,20.9167,89.6667,30.068,0.004,-0.19,-0.071,0.203,1,Moderate PFZ
10/5/2026,20.9167,89.75,30.076,0.0038,-0.2,-0.124,0.235,1,Moderate PFZ
10/5/2026,20.9167,89.8333,30.12,0.0038,-0.232,-0.15,0.277,1,Moderate PFZ
10/5/2026,20.9167,89.9167,30.242,0.0012,-0.222,-0.201,0.3,1,Moderate PFZ
10/5/2026,20.9167,90,30.199,0.0049,-0.182,-0.132,0.225,1,Moderate PFZ
10/5/2026,20.9167,90.0833,30.123,0.0083,-0.156,-0.049,0.163,1,Moderate PFZ
10/5/2026,20.9167,90.1667,30.092,0.0105,-0.143,0.016,0.144,1,Moderate PFZ
10/5/2026,20.9167,90.25,30.111,0.0094,-0.141,0.067,0.156,1,Moderate PFZ
10/5/2026,20.9167,90.3333,30.005,0.0084,-0.138,0.061,0.151,1,Moderate PFZ
10/5/2026,20.9167,90.4167,29.88,0.004,-0.14,-0.012,0.141,1,Moderate PFZ
10/5/2026,20.9167,90.5,29.869,0.0051,-0.123,-0.14,0.186,1,Moderate PFZ
10/5/2026,20.9167,90.5833,30.011,0.0093,-0.095,-0.209,0.23,1,Moderate PFZ
10/5/2026,20.9167,90.6667,30.092,0.0091,-0.07,-0.207,0.219,2,Strong PFZ
10/5/2026,20.9167,90.75,30.177,0.0072,-0.04,-0.252,0.255,2,Strong PFZ
10/5/2026,20.9167,90.8333,30.199,0.0057,-0.029,-0.299,0.301,1,Moderate PFZ
10/5/2026,20.9167,90.9167,30.176,0.0032,-0.041,-0.282,0.285,1,Moderate PFZ
10/5/2026,20.9167,91,30.208,0.0021,-0.065,-0.202,0.212,1,Moderate PFZ
10/5/2026,20.9167,91.0833,30.224,0.0077,-0.098,-0.173,0.199,1,Moderate PFZ
10/5/2026,20.9167,91.1667,30.046,0.007,-0.101,-0.231,0.252,1,Moderate PFZ
10/5/2026,20.9167,91.25,30.014,0.0061,-0.08,-0.157,0.176,1,Moderate PFZ
10/5/2026,20.9167,91.3333,30.2,0.0129,-0.09,0.006,0.09,1,Moderate PFZ
10/5/2026,20.9167,91.4167,30.338,0.0096,-0.083,0.038,0.091,0,No PFZ
10/5/2026,20.9167,91.5,30.379,0.001,-0.058,-0.017,0.061,0,No PFZ
10/5/2026,20.9167,91.5833,30.303,0.0065,-0.059,-0.105,0.12,0,No PFZ
10/5/2026,20.9167,91.6667,30.166,0.002,-0.067,-0.233,0.243,1,Moderate PFZ
10/5/2026,20.9167,91.75,30.236,0.0049,-0.067,-0.342,0.348,2,Strong PFZ
10/5/2026,20.9167,91.8333,30.323,0.0078,-0.045,-0.486,0.488,2,Strong PFZ
10/5/2026,20.9167,91.9167,30.299,0.0121,-0.027,-0.582,0.583,2,Strong PFZ
10/5/2026,20.9167,92,30.565,0.0122,-0.004,-0.586,0.586,2,Strong PFZ
10/5/2026,20.9167,92.0833,30.452,0.0071,0.029,-0.431,0.432,2,Strong PFZ
10/5/2026,20.9167,92.1667,30.556,0.0073,0.057,-0.293,0.298,2,Strong PFZ
10/5/2026,21,87.8333,30.371,0.0127,0.151,-0.122,0.194,1,Moderate PFZ
10/5/2026,21,87.9167,30.126,0.0104,0.089,-0.143,0.169,1,Moderate PFZ
10/5/2026,21,88,30.116,0.0138,-0.05,-0.074,0.089,1,Moderate PFZ
10/5/2026,21,88.0833,30.468,0.0191,-0.076,-0.081,0.111,1,Moderate PFZ
10/5/2026,21,88.1667,30.472,0.0186,-0.019,-0.193,0.194,1,Moderate PFZ
10/5/2026,21,88.25,30.35,0.0186,-0.078,-0.196,0.211,2,Strong PFZ
10/5/2026,21,88.3333,30.405,0.0208,-0.122,-0.112,0.166,1,Moderate PFZ
10/5/2026,21,88.4167,30.501,0.0205,-0.091,-0.157,0.182,1,Moderate PFZ
10/5/2026,21,88.5,30.496,0.019,-0.1,-0.134,0.167,1,Moderate PFZ
10/5/2026,21,88.5833,30.573,0.0171,-0.065,-0.126,0.141,1,Moderate PFZ
10/5/2026,21,88.6667,30.43,0.0167,-0.037,-0.143,0.147,1,Moderate PFZ
10/5/2026,21,88.75,30.34,0.0147,-0.058,-0.125,0.138,1,Moderate PFZ
10/5/2026,21,88.8333,30.295,0.0115,-0.038,-0.188,0.192,2,Strong PFZ
10/5/2026,21,88.9167,30.232,0.0095,0.005,-0.221,0.221,2,Strong PFZ
10/5/2026,21,89,30.166,0.0064,-0.042,-0.309,0.312,1,Moderate PFZ
10/5/2026,21,89.0833,30.097,0.0018,-0.151,-0.386,0.414,1,Moderate PFZ
10/5/2026,21,89.1667,30.151,0.0025,-0.22,-0.354,0.416,1,Moderate PFZ
10/5/2026,21,89.25,30.131,0.0025,-0.199,-0.124,0.235,1,Moderate PFZ
10/5/2026,21,89.3333,30.127,0.0042,-0.134,0.134,0.19,0,No PFZ
10/5/2026,21,89.4167,30.051,0.0045,-0.108,0.089,0.14,0,No PFZ
10/5/2026,21,89.5,30.058,0.0025,-0.125,0.08,0.149,0,No PFZ
10/5/2026,21,89.5833,30.068,0.0024,-0.135,0.007,0.135,0,No PFZ
10/5/2026,21,89.6667,30.122,0.0025,-0.105,-0.107,0.15,0,No PFZ
10/5/2026,21,89.75,30.135,0.0025,-0.089,-0.204,0.222,0,No PFZ
10/5/2026,21,89.8333,30.123,0.003,-0.11,-0.183,0.214,0,No PFZ
10/5/2026,21,89.9167,30.142,0.0018,-0.127,-0.163,0.207,0,No PFZ
10/5/2026,21,90,30.188,0.0021,-0.117,-0.158,0.197,0,No PFZ
10/5/2026,21,90.0833,30.202,0.0021,-0.082,-0.02,0.085,0,No PFZ
10/5/2026,21,90.1667,30.324,0.0035,-0.04,0.048,0.063,1,Moderate PFZ
10/5/2026,21,90.25,30.252,0.0097,-0.03,0.067,0.074,1,Moderate PFZ
10/5/2026,21,90.3333,30.017,0.0116,-0.052,0.07,0.088,1,Moderate PFZ
10/5/2026,21,90.4167,29.973,0.0056,-0.082,0.01,0.083,1,Moderate PFZ
10/5/2026,21,90.5,30.058,0.0087,-0.076,-0.097,0.123,1,Moderate PFZ
10/5/2026,21,90.5833,30.122,0.0116,-0.044,-0.181,0.186,1,Moderate PFZ
10/5/2026,21,90.6667,30.15,0.0111,-0.017,-0.222,0.223,2,Strong PFZ
10/5/2026,21,90.75,30.237,0.0096,0.003,-0.255,0.255,2,Strong PFZ
10/5/2026,21,90.8333,30.28,0.0077,0.011,-0.281,0.282,2,Strong PFZ
10/5/2026,21,90.9167,30.221,0.0055,0.006,-0.277,0.277,1,Moderate PFZ
10/5/2026,21,91,30.212,0.0038,-0.021,-0.201,0.202,1,Moderate PFZ
10/5/2026,21,91.0833,30.231,0.0072,-0.057,-0.14,0.151,1,Moderate PFZ
10/5/2026,21,91.1667,30.071,0.0077,-0.061,-0.172,0.183,1,Moderate PFZ
10/5/2026,21,91.25,30.035,0.0061,-0.045,-0.122,0.13,1,Moderate PFZ
10/5/2026,21,91.3333,30.199,0.01,-0.035,0.004,0.036,1,Moderate PFZ
10/5/2026,21,91.4167,30.319,0.0073,-0.009,0.019,0.021,0,No PFZ
10/5/2026,21,91.5,30.365,0.0043,0.003,-0.019,0.019,0,No PFZ
10/5/2026,21,91.5833,30.293,0.0069,-0.003,-0.094,0.095,0,No PFZ
10/5/2026,21,91.6667,30.141,0.0012,-0.009,-0.2,0.2,1,Moderate PFZ
10/5/2026,21,91.75,30.237,0.0074,-0.008,-0.314,0.314,2,Strong PFZ
10/5/2026,21,91.8333,30.349,0.0104,0.015,-0.484,0.484,2,Strong PFZ
10/5/2026,21,91.9167,30.374,0.0131,0.032,-0.574,0.575,2,Strong PFZ
10/5/2026,21,92,30.618,0.0092,0.054,-0.594,0.597,2,Strong PFZ
10/5/2026,21,92.0833,30.623,0.0057,0.068,-0.431,0.436,2,Strong PFZ
10/5/2026,21,92.1667,30.632,0.018,0.065,-0.387,0.393,2,Strong PFZ
10/5/2026,21.0833,87.8333,30.441,0.0073,0.036,-0.055,0.065,1,Moderate PFZ
10/5/2026,21.0833,87.9167,30.297,0.0127,0.006,-0.099,0.099,1,Moderate PFZ
10/5/2026,21.0833,88,30.275,0.0177,-0.03,-0.096,0.1,1,Moderate PFZ
10/5/2026,21.0833,88.0833,30.454,0.0184,-0.053,-0.023,0.058,1,Moderate PFZ
10/5/2026,21.0833,88.1667,30.647,0.0158,0.027,-0.092,0.096,1,Moderate PFZ
10/5/2026,21.0833,88.25,30.491,0.017,0.008,-0.181,0.181,1,Moderate PFZ
10/5/2026,21.0833,88.3333,30.73,0.018,-0.02,-0.11,0.111,1,Moderate PFZ
10/5/2026,21.0833,88.4167,30.658,0.0164,0.01,-0.123,0.123,1,Moderate PFZ
10/5/2026,21.0833,88.5,30.729,0.015,-0.002,-0.091,0.092,1,Moderate PFZ
10/5/2026,21.0833,88.5833,30.729,0.0141,0.025,-0.086,0.089,1,Moderate PFZ
10/5/2026,21.0833,88.6667,30.671,0.0175,0.027,-0.135,0.138,1,Moderate PFZ
10/5/2026,21.0833,88.75,30.527,0.0207,0.024,-0.166,0.168,2,Strong PFZ
10/5/2026,21.0833,88.8333,30.371,0.0185,0.012,-0.183,0.183,2,Strong PFZ
10/5/2026,21.0833,88.9167,30.244,0.0143,-0.006,-0.162,0.162,2,Strong PFZ
10/5/2026,21.0833,89,30.126,0.0093,-0.067,-0.26,0.269,2,Strong PFZ
10/5/2026,21.0833,89.0833,30.053,0.003,-0.122,-0.359,0.379,1,Moderate PFZ
10/5/2026,21.0833,89.1667,30.111,0.0019,-0.143,-0.36,0.387,1,Moderate PFZ
10/5/2026,21.0833,89.25,30.13,0.0007,-0.15,-0.297,0.333,1,Moderate PFZ
10/5/2026,21.0833,89.3333,30.135,0.0028,-0.075,-0.038,0.084,0,No PFZ
10/5/2026,21.0833,89.4167,30.035,0.0033,0.001,0.16,0.16,0,No PFZ
10/5/2026,21.0833,89.5,30.046,0.0008,0.007,0.14,0.14,0,No PFZ
10/5/2026,21.0833,89.5833,30.08,0.002,0.032,0.072,0.079,0,No PFZ
10/5/2026,21.0833,89.6667,30.113,0.0025,0.086,-0.039,0.094,0,No PFZ
10/5/2026,21.0833,89.75,30.119,0.0029,0.082,-0.181,0.199,0,No PFZ
10/5/2026,21.0833,89.8333,30.161,0.0028,0.014,-0.17,0.17,0,No PFZ
10/5/2026,21.0833,89.9167,30.265,0.0024,-0.027,-0.1,0.104,0,No PFZ
10/5/2026,21.0833,90,30.113,0.0051,-0.033,-0.145,0.149,0,No PFZ
10/5/2026,21.0833,90.0833,30.057,0.0062,-0.009,-0.098,0.099,0,No PFZ
10/5/2026,21.0833,90.1667,30.212,0.0067,0.06,0.083,0.102,0,No PFZ
10/5/2026,21.0833,90.25,30.305,0.0032,0.12,0.141,0.185,1,Moderate PFZ
10/5/2026,21.0833,90.3333,30.165,0.0107,0.092,0.124,0.154,1,Moderate PFZ
10/5/2026,21.0833,90.4167,30.029,0.0066,-0.017,0.093,0.095,1,Moderate PFZ
10/5/2026,21.0833,90.5,30.041,0.0114,-0.045,-0.073,0.085,1,Moderate PFZ
10/5/2026,21.0833,90.5833,30.202,0.0147,0.002,-0.157,0.157,2,Strong PFZ
10/5/2026,21.0833,90.6667,30.245,0.0141,0.024,-0.197,0.198,2,Strong PFZ
10/5/2026,21.0833,90.75,30.32,0.0123,0.034,-0.229,0.232,2,Strong PFZ
10/5/2026,21.0833,90.8333,30.378,0.0107,0.039,-0.245,0.248,2,Strong PFZ
10/5/2026,21.0833,90.9167,30.248,0.0099,0.043,-0.241,0.245,2,Strong PFZ
10/5/2026,21.0833,91,30.231,0.0074,0.017,-0.173,0.174,1,Moderate PFZ
10/5/2026,21.0833,91.0833,30.277,0.0084,-0.024,-0.134,0.137,1,Moderate PFZ
10/5/2026,21.0833,91.1667,30.11,0.0114,-0.046,-0.149,0.156,1,Moderate PFZ
10/5/2026,21.0833,91.25,30.112,0.01,-0.03,-0.083,0.089,1,Moderate PFZ
10/5/2026,21.0833,91.3333,30.145,0.0072,0.025,-0.011,0.027,0,No PFZ
10/5/2026,21.0833,91.4167,30.167,0.0033,0.079,-0.027,0.084,0,No PFZ
10/5/2026,21.0833,91.5,30.229,0.0026,0.103,-0.022,0.106,0,No PFZ
10/5/2026,21.0833,91.5833,30.122,0.0038,0.092,-0.091,0.129,0,No PFZ
10/5/2026,21.0833,91.6667,30.122,0.0035,0.058,-0.167,0.177,1,Moderate PFZ
10/5/2026,21.0833,91.75,30.244,0.0098,0.051,-0.3,0.304,2,Strong PFZ
10/5/2026,21.0833,91.8333,30.354,0.0119,0.081,-0.489,0.495,2,Strong PFZ
10/5/2026,21.0833,91.9167,30.405,0.0127,0.098,-0.564,0.572,2,Strong PFZ
10/5/2026,21.0833,92,30.643,0.0036,0.096,-0.583,0.59,2,Strong PFZ
10/5/2026,21.0833,92.0833,30.586,0.0144,0.086,-0.425,0.434,2,Strong PFZ
10/5/2026,21.1667,87.8333,30.332,0.0095,0.037,-0.043,0.056,1,Moderate PFZ
10/5/2026,21.1667,87.9167,30.486,0.0147,0.021,-0.036,0.042,1,Moderate PFZ
10/5/2026,21.1667,88,30.496,0.0182,-0.006,-0.118,0.118,1,Moderate PFZ
10/5/2026,21.1667,88.0833,30.583,0.0169,-0.015,-0.074,0.076,1,Moderate PFZ
10/5/2026,21.1667,88.1667,30.691,0.014,0.051,-0.061,0.079,1,Moderate PFZ
10/5/2026,21.1667,88.25,30.649,0.0142,0.049,-0.127,0.136,1,Moderate PFZ
10/5/2026,21.1667,88.3333,30.765,0.0127,0.025,-0.066,0.071,1,Moderate PFZ
10/5/2026,21.1667,88.4167,30.751,0.0107,0.022,-0.106,0.108,1,Moderate PFZ
10/5/2026,21.1667,88.5,30.805,0.0089,0.024,-0.051,0.057,1,Moderate PFZ
10/5/2026,21.1667,88.5833,30.773,0.008,0.049,-0.058,0.076,1,Moderate PFZ
10/5/2026,21.1667,88.6667,30.757,0.0109,0.042,-0.058,0.072,1,Moderate PFZ
10/5/2026,21.1667,88.75,30.798,0.019,0.09,-0.124,0.154,1,Moderate PFZ
10/5/2026,21.1667,88.8333,30.48,0.0233,0.078,-0.184,0.199,2,Strong PFZ
10/5/2026,21.1667,88.9167,30.286,0.0191,-0.009,-0.153,0.154,2,Strong PFZ
10/5/2026,21.1667,89,30.166,0.0124,-0.015,-0.208,0.209,2,Strong PFZ
10/5/2026,21.1667,89.0833,30.062,0.0048,-0.031,-0.284,0.285,1,Moderate PFZ
10/5/2026,21.1667,89.1667,30.062,0.0018,-0.028,-0.259,0.261,1,Moderate PFZ
10/5/2026,21.1667,89.25,30.116,0.0035,-0.036,-0.275,0.277,1,Moderate PFZ
10/5/2026,21.1667,89.3333,30.151,0.0047,-0.086,-0.246,0.261,1,Moderate PFZ
10/5/2026,21.1667,89.4167,30.093,0.0063,-0.023,-0.035,0.042,1,Moderate PFZ
10/5/2026,21.1667,89.5,30.063,0.0045,0.094,0.122,0.153,0,No PFZ
10/5/2026,21.1667,89.5833,30.052,0.0023,0.161,0.105,0.192,0,No PFZ
10/5/2026,21.1667,89.6667,30.063,0.0022,0.185,-0.011,0.186,0,No PFZ
10/5/2026,21.1667,89.75,30.079,0.0027,0.158,-0.153,0.22,0,No PFZ
10/5/2026,21.1667,89.8333,30.112,0.0012,0.077,-0.125,0.147,0,No PFZ
10/5/2026,21.1667,89.9167,30.147,0.0031,-0.016,-0.004,0.016,0,No PFZ
10/5/2026,21.1667,90,30.047,0.0035,-0.098,-0.087,0.131,1,Moderate PFZ
10/5/2026,21.1667,90.0833,29.996,0.0027,-0.124,-0.154,0.198,1,Moderate PFZ
10/5/2026,21.1667,90.1667,30.044,0.0078,-0.065,-0.07,0.096,1,Moderate PFZ
10/5/2026,21.1667,90.25,30.273,0.0026,-0.001,0.097,0.097,1,Moderate PFZ
10/5/2026,21.1667,90.3333,30.193,0.0085,-0.055,0.118,0.13,1,Moderate PFZ
10/5/2026,21.1667,90.4167,29.906,0.0132,-0.089,0.08,0.119,1,Moderate PFZ
10/5/2026,21.1667,90.5,30.136,0.02,-0.019,-0.112,0.114,1,Moderate PFZ
10/5/2026,21.1667,90.5833,30.305,0.0212,0.016,-0.149,0.15,2,Strong PFZ
10/5/2026,21.1667,90.6667,30.355,0.0193,0.025,-0.167,0.169,2,Strong PFZ
10/5/2026,21.1667,90.75,30.445,0.0167,0.033,-0.191,0.194,2,Strong PFZ
10/5/2026,21.1667,90.8333,30.468,0.0156,0.031,-0.208,0.21,2,Strong PFZ
10/5/2026,21.1667,90.9167,30.353,0.0167,0.033,-0.201,0.203,2,Strong PFZ
10/5/2026,21.1667,91,30.291,0.0147,0.015,-0.104,0.105,1,Moderate PFZ
10/5/2026,21.1667,91.0833,30.298,0.0125,-0.02,-0.12,0.121,1,Moderate PFZ
10/5/2026,21.1667,91.1667,30.338,0.014,-0.045,-0.18,0.186,1,Moderate PFZ
10/5/2026,21.1667,91.25,30.242,0.0134,-0.04,-0.127,0.133,1,Moderate PFZ
10/5/2026,21.1667,91.3333,30.297,0.0092,0.018,-0.063,0.066,1,Moderate PFZ
10/5/2026,21.1667,91.4167,30.291,0.0038,0.077,-0.066,0.102,0,No PFZ
10/5/2026,21.1667,91.5,30.337,0.004,0.11,-0.03,0.114,0,No PFZ
10/5/2026,21.1667,91.5833,30.178,0.0029,0.091,-0.061,0.109,0,No PFZ
10/5/2026,21.1667,91.6667,30.225,0.0051,0.053,-0.131,0.141,1,Moderate PFZ
10/5/2026,21.1667,91.75,30.288,0.0106,0.079,-0.299,0.309,2,Strong PFZ
10/5/2026,21.1667,91.8333,30.42,0.0127,0.132,-0.495,0.513,2,Strong PFZ
10/5/2026,21.1667,91.9167,30.461,0.0107,0.152,-0.538,0.559,2,Strong PFZ
10/5/2026,21.1667,92,30.665,0.0033,0.14,-0.524,0.543,2,Strong PFZ
10/5/2026,21.1667,92.0833,30.563,0.0196,0.121,-0.479,0.494,2,Strong PFZ
10/5/2026,21.25,87.8333,30.529,0.0139,0.026,-0.041,0.049,1,Moderate PFZ
10/5/2026,21.25,87.9167,30.601,0.0151,0.023,-0.016,0.028,1,Moderate PFZ
10/5/2026,21.25,88,30.645,0.0166,0.029,-0.052,0.059,1,Moderate PFZ
10/5/2026,21.25,88.0833,30.753,0.0155,0.03,-0.048,0.056,1,Moderate PFZ
10/5/2026,21.25,88.1667,30.82,0.0131,0.054,-0.039,0.067,1,Moderate PFZ
10/5/2026,21.25,88.25,30.801,0.0125,0.068,-0.067,0.096,1,Moderate PFZ
10/5/2026,21.25,88.3333,30.852,0.0106,0.063,-0.04,0.075,1,Moderate PFZ
10/5/2026,21.25,88.4167,30.83,0.0089,0.065,-0.059,0.087,1,Moderate PFZ
10/5/2026,21.25,88.5,30.846,0.0074,0.058,-0.033,0.067,1,Moderate PFZ
10/5/2026,21.25,88.5833,30.806,0.0059,0.064,-0.045,0.078,1,Moderate PFZ
10/5/2026,21.25,88.6667,30.775,0.0045,0.056,-0.036,0.067,1,Moderate PFZ
10/5/2026,21.25,88.75,30.911,0.0135,0.098,-0.071,0.121,1,Moderate PFZ
10/5/2026,21.25,88.8333,30.558,0.0229,0.108,-0.14,0.177,2,Strong PFZ
10/5/2026,21.25,88.9167,30.354,0.0208,0.033,-0.18,0.183,2,Strong PFZ
10/5/2026,21.25,89,30.228,0.0141,0.065,-0.24,0.248,2,Strong PFZ
10/5/2026,21.25,89.0833,30.114,0.0056,0.047,-0.296,0.3,1,Moderate PFZ
10/5/2026,21.25,89.1667,30.138,0.003,0.024,-0.164,0.166,1,Moderate PFZ
10/5/2026,21.25,89.25,30.202,0.0064,0.053,-0.153,0.162,1,Moderate PFZ
10/5/2026,21.25,89.3333,30.191,0.0078,-0.023,-0.191,0.192,1,Moderate PFZ
10/5/2026,21.25,89.4167,30.179,0.0095,-0.086,-0.181,0.2,1,Moderate PFZ
10/5/2026,21.25,89.5,30.127,0.0081,-0.04,-0.095,0.103,1,Moderate PFZ
10/5/2026,21.25,89.5833,30.106,0.0053,0.065,-0.03,0.072,1,Moderate PFZ
10/5/2026,21.25,89.6667,30.111,0.0042,0.113,-0.04,0.12,0,No PFZ
10/5/2026,21.25,89.75,30.154,0.0041,0.084,-0.075,0.113,0,No PFZ
10/5/2026,21.25,89.8333,30.158,0.0038,-0.034,-0.012,0.036,0,No PFZ
10/5/2026,21.25,89.9167,30.092,0.0055,-0.176,0.064,0.187,1,Moderate PFZ
10/5/2026,21.25,90,30.052,0.0092,-0.238,-0.03,0.24,1,Moderate PFZ
10/5/2026,21.25,90.0833,30.085,0.011,-0.262,-0.136,0.295,1,Moderate PFZ
10/5/2026,21.25,90.1667,30.135,0.0111,-0.294,-0.156,0.333,2,Strong PFZ
10/5/2026,21.25,90.25,30.24,0.0105,-0.297,-0.098,0.313,2,Strong PFZ
10/5/2026,21.25,90.3333,30.158,0.014,-0.27,-0.019,0.271,2,Strong PFZ
10/5/2026,21.25,90.4167,30.32,0.0233,-0.118,0.037,0.124,1,Moderate PFZ
10/5/2026,21.25,90.5,30.334,0.0284,0.009,-0.094,0.095,1,Moderate PFZ
10/5/2026,21.25,90.5833,30.486,0.027,-0.01,-0.111,0.111,2,Strong PFZ
10/5/2026,21.25,90.6667,30.559,0.0242,-0.011,-0.133,0.133,2,Strong PFZ
10/5/2026,21.25,90.75,30.614,0.0214,-0.011,-0.177,0.178,2,Strong PFZ
10/5/2026,21.25,90.8333,30.627,0.0209,-0.02,-0.206,0.207,2,Strong PFZ
10/5/2026,21.25,90.9167,30.566,0.0233,-0.025,-0.191,0.193,2,Strong PFZ
10/5/2026,21.25,91,30.483,0.0233,-0.026,-0.076,0.08,2,Strong PFZ
10/5/2026,21.25,91.0833,30.423,0.0184,-0.049,-0.053,0.072,1,Moderate PFZ
10/5/2026,21.25,91.1667,30.509,0.0131,-0.029,-0.178,0.181,1,Moderate PFZ
10/5/2026,21.25,91.25,30.43,0.0106,0.01,-0.174,0.174,1,Moderate PFZ
10/5/2026,21.25,91.3333,30.453,0.0074,0.002,-0.116,0.116,1,Moderate PFZ
10/5/2026,21.25,91.4167,30.317,0.0057,0.015,-0.105,0.107,0,No PFZ
10/5/2026,21.25,91.5,30.366,0.0057,0.048,-0.024,0.053,0,No PFZ
10/5/2026,21.25,91.5833,30.177,0.0022,0.023,-0.03,0.038,0,No PFZ
10/5/2026,21.25,91.6667,30.266,0.0056,0.016,-0.141,0.142,1,Moderate PFZ
10/5/2026,21.25,91.75,30.281,0.0124,0.087,-0.32,0.331,2,Strong PFZ
10/5/2026,21.25,91.8333,30.46,0.0151,0.16,-0.505,0.53,2,Strong PFZ
10/5/2026,21.25,91.9167,30.539,0.0094,0.182,-0.486,0.519,2,Strong PFZ
10/5/2026,21.25,92,30.654,0.0121,0.162,-0.382,0.415,2,Strong PFZ
10/5/2026,21.3333,87.8333,30.64,0.0139,0.04,-0.016,0.043,1,Moderate PFZ
10/5/2026,21.3333,87.9167,30.704,0.0143,0.035,0.001,0.035,1,Moderate PFZ
10/5/2026,21.3333,88,30.774,0.0148,0.046,-0.009,0.047,1,Moderate PFZ
10/5/2026,21.3333,88.0833,30.848,0.0136,0.047,-0.019,0.051,1,Moderate PFZ
10/5/2026,21.3333,88.1667,30.904,0.0121,0.049,-0.021,0.053,1,Moderate PFZ
10/5/2026,21.3333,88.25,30.934,0.0111,0.054,-0.028,0.061,1,Moderate PFZ
10/5/2026,21.3333,88.3333,30.939,0.0097,0.056,-0.021,0.06,1,Moderate PFZ
10/5/2026,21.3333,88.4167,30.946,0.0082,0.066,-0.033,0.074,1,Moderate PFZ
10/5/2026,21.3333,88.5,30.913,0.0073,0.068,-0.013,0.069,1,Moderate PFZ
10/5/2026,21.3333,88.5833,30.895,0.0074,0.074,-0.031,0.08,1,Moderate PFZ
10/5/2026,21.3333,88.6667,30.799,0.0102,0.083,-0.033,0.089,1,Moderate PFZ
10/5/2026,21.3333,88.75,30.857,0.0172,0.102,-0.05,0.114,2,Strong PFZ
10/5/2026,21.3333,88.8333,30.643,0.0226,0.157,-0.051,0.165,2,Strong PFZ
10/5/2026,21.3333,88.9167,30.411,0.0222,0.164,-0.172,0.238,2,Strong PFZ
10/5/2026,21.3333,89,30.237,0.0162,0.172,-0.289,0.336,2,Strong PFZ
10/5/2026,21.3333,89.0833,30.065,0.0058,0.142,-0.298,0.33,1,Moderate PFZ
10/5/2026,21.3333,89.1667,30.048,0.0063,0.053,-0.141,0.15,1,Moderate PFZ
10/5/2026,21.3333,89.25,30.269,0.0104,0.021,-0.067,0.071,1,Moderate PFZ
10/5/2026,21.3333,89.3333,30.325,0.0096,0.013,-0.138,0.138,1,Moderate PFZ
10/5/2026,21.3333,89.4167,30.276,0.0126,-0.021,-0.162,0.164,1,Moderate PFZ
10/5/2026,21.3333,89.5,30.194,0.013,-0.054,-0.176,0.184,1,Moderate PFZ
10/5/2026,21.3333,89.5833,30.168,0.0093,-0.023,-0.107,0.109,1,Moderate PFZ
10/5/2026,21.3333,89.6667,30.163,0.0071,-0.041,-0.017,0.044,1,Moderate PFZ
10/5/2026,21.3333,89.75,30.181,0.0074,-0.125,0.005,0.125,1,Moderate PFZ
10/5/2026,21.3333,89.8333,30.177,0.0094,-0.168,-0.014,0.168,1,Moderate PFZ
10/5/2026,21.3333,89.9167,30.206,0.0139,-0.16,-0.019,0.161,1,Moderate PFZ
10/5/2026,21.3333,90,30.245,0.0179,-0.136,-0.085,0.161,1,Moderate PFZ
10/5/2026,21.3333,90.0833,30.286,0.0177,-0.104,-0.101,0.145,2,Strong PFZ
10/5/2026,21.3333,90.1667,30.186,0.016,-0.142,-0.106,0.177,2,Strong PFZ
10/5/2026,21.3333,90.25,30.522,0.0169,-0.13,-0.051,0.139,2,Strong PFZ
10/5/2026,21.3333,90.3333,30.345,0.02,-0.112,-0.094,0.146,2,Strong PFZ
10/5/2026,21.3333,90.4167,30.533,0.025,-0.093,-0.017,0.094,1,Moderate PFZ
10/5/2026,21.3333,90.5,30.785,0.0258,-0.031,-0.085,0.091,1,Moderate PFZ
10/5/2026,21.3333,90.5833,30.856,0.0225,-0.045,-0.098,0.108,1,Moderate PFZ
10/5/2026,21.3333,90.6667,30.893,0.0203,-0.042,-0.122,0.129,1,Moderate PFZ
10/5/2026,21.3333,90.75,30.837,0.0197,-0.027,-0.161,0.163,2,Strong PFZ
10/5/2026,21.3333,90.8333,30.837,0.0206,-0.021,-0.182,0.183,2,Strong PFZ
10/5/2026,21.3333,90.9167,30.804,0.0229,-0.033,-0.167,0.17,2,Strong PFZ
10/5/2026,21.3333,91,30.839,0.0256,-0.036,-0.096,0.102,1,Moderate PFZ
10/5/2026,21.3333,91.0833,30.586,0.0253,-0.035,-0.016,0.039,1,Moderate PFZ
10/5/2026,21.3333,91.1667,30.464,0.0179,0.001,-0.151,0.151,1,Moderate PFZ
10/5/2026,21.3333,91.25,30.475,0.0126,0.031,-0.147,0.15,1,Moderate PFZ
10/5/2026,21.3333,91.3333,30.382,0.0118,-0.004,-0.117,0.117,1,Moderate PFZ
10/5/2026,21.3333,91.4167,30.144,0.0089,-0.03,-0.133,0.136,1,Moderate PFZ
10/5/2026,21.3333,91.5,30.173,0.0042,-0.032,-0.065,0.073,0,No PFZ
10/5/2026,21.3333,91.5833,30.132,0.0009,-0.028,-0.085,0.089,0,No PFZ
10/5/2026,21.3333,91.6667,30.181,0.0077,0.022,-0.187,0.188,1,Moderate PFZ
10/5/2026,21.3333,91.75,30.261,0.0169,0.102,-0.356,0.371,2,Strong PFZ
10/5/2026,21.3333,91.8333,30.55,0.0191,0.171,-0.524,0.551,2,Strong PFZ
10/5/2026,21.3333,91.9167,30.688,0.0075,0.202,-0.403,0.451,2,Strong PFZ
10/5/2026,21.3333,92,30.734,0.0188,0.19,-0.357,0.404,2,Strong PFZ
10/5/2026,21.4167,87.8333,30.744,0.014,0.021,-0.013,0.025,1,Moderate PFZ
10/5/2026,21.4167,87.9167,30.822,0.0141,0.02,-0.009,0.022,1,Moderate PFZ
10/5/2026,21.4167,88,30.895,0.014,0.032,-0.013,0.034,1,Moderate PFZ
10/5/2026,21.4167,88.0833,30.936,0.0135,0.041,-0.013,0.043,1,Moderate PFZ
10/5/2026,21.4167,88.1667,30.995,0.0129,0.05,-0.02,0.054,1,Moderate PFZ
10/5/2026,21.4167,88.25,30.998,0.0105,0.055,-0.015,0.057,1,Moderate PFZ
10/5/2026,21.4167,88.3333,31.014,0.0084,0.051,-0.018,0.054,1,Moderate PFZ
10/5/2026,21.4167,88.4167,31.014,0.0055,0.077,-0.04,0.087,1,Moderate PFZ
10/5/2026,21.4167,88.5,30.95,0.0066,0.089,-0.021,0.091,1,Moderate PFZ
10/5/2026,21.4167,88.5833,31.016,0.017,0.122,-0.015,0.123,1,Moderate PFZ
10/5/2026,21.4167,88.6667,30.632,0.0267,0.177,0.059,0.187,2,Strong PFZ
10/5/2026,21.4167,88.75,30.706,0.0307,0.198,0.131,0.237,2,Strong PFZ
10/5/2026,21.4167,88.8333,30.522,0.028,0.266,0.058,0.272,2,Strong PFZ
10/5/2026,21.4167,88.9167,30.275,0.0224,0.322,-0.161,0.36,2,Strong PFZ
10/5/2026,21.4167,89,30.098,0.0128,0.299,-0.249,0.39,2,Strong PFZ
10/5/2026,21.4167,89.0833,30.024,0.0006,0.193,-0.2,0.277,1,Moderate PFZ
10/5/2026,21.4167,89.1667,30.067,0.0116,0.081,-0.077,0.112,1,Moderate PFZ
10/5/2026,21.4167,89.25,30.23,0.0157,0.039,-0.034,0.052,1,Moderate PFZ
10/5/2026,21.4167,89.3333,30.416,0.0134,0.044,-0.047,0.065,1,Moderate PFZ
10/5/2026,21.4167,89.4167,30.421,0.0152,0.029,-0.095,0.1,1,Moderate PFZ
10/5/2026,21.4167,89.5,30.307,0.0199,-0.025,-0.165,0.167,1,Moderate PFZ
10/5/2026,21.4167,89.5833,30.175,0.0184,-0.109,-0.142,0.179,1,Moderate PFZ
10/5/2026,21.4167,89.6667,30.172,0.0162,-0.185,-0.091,0.206,1,Moderate PFZ
10/5/2026,21.4167,89.75,30.206,0.0159,-0.184,-0.067,0.196,1,Moderate PFZ
10/5/2026,21.4167,89.8333,30.27,0.0174,-0.149,-0.077,0.167,1,Moderate PFZ
10/5/2026,21.4167,89.9167,30.381,0.0197,-0.093,-0.081,0.124,1,Moderate PFZ
10/5/2026,21.4167,90,30.492,0.02,-0.048,-0.072,0.087,1,Moderate PFZ
10/5/2026,21.4167,90.0833,30.488,0.0197,-0.001,-0.059,0.059,1,Moderate PFZ
10/5/2026,21.4167,90.1667,30.306,0.0186,-0.044,-0.154,0.16,1,Moderate PFZ
10/5/2026,21.4167,90.25,30.565,0.0185,-0.075,-0.057,0.094,1,Moderate PFZ
10/5/2026,21.4167,90.3333,30.571,0.0199,-0.028,-0.095,0.099,1,Moderate PFZ
10/5/2026,21.4167,90.4167,30.671,0.02,-0.018,-0.08,0.082,1,Moderate PFZ
10/5/2026,21.4167,90.5,30.806,0.017,-0.004,-0.092,0.092,1,Moderate PFZ
10/5/2026,21.4167,90.5833,30.928,0.0127,0.003,-0.104,0.104,1,Moderate PFZ
10/5/2026,21.4167,90.6667,31.019,0.0098,0.004,-0.117,0.117,1,Moderate PFZ
10/5/2026,21.4167,90.75,31.093,0.0092,0.006,-0.139,0.139,1,Moderate PFZ
10/5/2026,21.4167,90.8333,31.123,0.01,0.009,-0.153,0.154,1,Moderate PFZ
10/5/2026,21.4167,90.9167,31.102,0.012,0.01,-0.153,0.153,1,Moderate PFZ
10/5/2026,21.4167,91,31.026,0.0163,-0.035,-0.169,0.173,1,Moderate PFZ
10/5/2026,21.4167,91.0833,31.032,0.0243,-0.061,-0.084,0.104,1,Moderate PFZ
10/5/2026,21.4167,91.1667,30.623,0.0264,-0.015,-0.149,0.15,1,Moderate PFZ
10/5/2026,21.4167,91.25,30.49,0.0221,0.009,-0.108,0.109,1,Moderate PFZ
10/5/2026,21.4167,91.3333,30.364,0.0186,-0.027,-0.086,0.091,1,Moderate PFZ
10/5/2026,21.4167,91.4167,30.224,0.0146,-0.05,-0.151,0.159,1,Moderate PFZ
10/5/2026,21.4167,91.5,30.214,0.0109,-0.031,-0.157,0.16,1,Moderate PFZ
10/5/2026,21.4167,91.5833,30.184,0.0082,0.005,-0.127,0.127,1,Moderate PFZ
10/5/2026,21.4167,91.6667,30.192,0.0077,0.063,-0.209,0.218,1,Moderate PFZ
10/5/2026,21.4167,91.75,30.27,0.0186,0.112,-0.39,0.406,2,Strong PFZ
10/5/2026,21.4167,91.8333,30.619,0.0191,0.161,-0.542,0.566,2,Strong PFZ
10/5/2026,21.4167,91.9167,30.8,0.0041,0.197,-0.469,0.509,2,Strong PFZ
10/5/2026,21.4167,92,30.819,0.0247,0.2,-0.377,0.427,2,Strong PFZ
10/5/2026,21.5,87.8333,30.863,0.0142,0.012,-0.006,0.013,1,Moderate PFZ
10/5/2026,21.5,87.9167,30.938,0.0137,0.014,-0.007,0.015,1,Moderate PFZ
10/5/2026,21.5,88,31.005,0.0139,0.026,-0.01,0.028,1,Moderate PFZ
10/5/2026,21.5,88.0833,31.033,0.0152,0.032,-0.017,0.037,1,Moderate PFZ
10/5/2026,21.5,88.1667,31.146,0.0121,0.046,-0.026,0.053,1,Moderate PFZ
10/5/2026,21.5,88.25,31.105,0.0028,0.056,-0.022,0.06,1,Moderate PFZ
10/5/2026,21.5,88.3333,31.119,0.0073,0.065,-0.023,0.069,1,Moderate PFZ
10/5/2026,21.5,88.4167,31.072,0.0144,0.16,-0.033,0.164,1,Moderate PFZ
10/5/2026,21.5,88.5,30.944,0.0207,0.206,-0.027,0.208,1,Moderate PFZ
10/5/2026,21.5,88.5833,31.176,0.0293,0.234,-0.008,0.234,2,Strong PFZ
10/5/2026,21.5,88.6667,30.152,0.037,0.342,-0.033,0.344,2,Strong PFZ
10/5/2026,21.5,88.75,30.047,0.0284,0.403,0.043,0.405,2,Strong PFZ
10/5/2026,21.5,88.8333,30.057,0.0211,0.4,-0.072,0.407,2,Strong PFZ
10/5/2026,21.5,88.9167,30.018,0.0112,0.386,-0.094,0.397,2,Strong PFZ
10/5/2026,21.5,89,29.974,0.0018,0.289,-0.137,0.32,2,Strong PFZ
10/5/2026,21.5,89.0833,30.034,0.0161,0.137,-0.022,0.139,1,Moderate PFZ
10/5/2026,21.5,89.1667,30.147,0.0232,0.074,-0.011,0.075,1,Moderate PFZ
10/5/2026,21.5,89.25,30.296,0.0226,0.061,-0.018,0.064,1,Moderate PFZ
10/5/2026,21.5,89.3333,30.449,0.0194,0.056,-0.027,0.062,1,Moderate PFZ
10/5/2026,21.5,89.4167,30.572,0.0174,0.024,-0.022,0.032,1,Moderate PFZ
10/5/2026,21.5,89.5,30.702,0.0205,0.017,-0.006,0.018,1,Moderate PFZ
10/5/2026,21.5,89.5833,30.431,0.0243,-0.034,-0.131,0.135,1,Moderate PFZ
10/5/2026,21.5,89.6667,30.439,0.0248,-0.09,-0.116,0.147,1,Moderate PFZ
10/5/2026,21.5,89.75,30.434,0.0237,-0.065,-0.131,0.146,1,Moderate PFZ
10/5/2026,21.5,89.8333,30.451,0.0217,-0.054,-0.133,0.143,1,Moderate PFZ
10/5/2026,21.5,89.9167,30.582,0.0195,-0.042,-0.12,0.127,1,Moderate PFZ
10/5/2026,21.5,90,30.648,0.0168,-0.02,-0.088,0.09,1,Moderate PFZ
10/5/2026,21.5,90.0833,30.675,0.0169,0.008,-0.057,0.058,1,Moderate PFZ
10/5/2026,21.5,90.1667,30.607,0.0179,-0.01,-0.129,0.13,1,Moderate PFZ
10/5/2026,21.5,90.25,30.701,0.0166,-0.037,-0.08,0.088,1,Moderate PFZ
10/5/2026,21.5,90.3333,30.775,0.016,-0.027,-0.069,0.075,1,Moderate PFZ
10/5/2026,21.5,90.4167,30.844,0.0142,-0.013,-0.06,0.062,1,Moderate PFZ
10/5/2026,21.5,90.5,30.889,0.0105,0.002,-0.051,0.051,1,Moderate PFZ
10/5/2026,21.5,90.5833,30.912,0.007,0.011,-0.049,0.05,0,No PFZ
10/5/2026,21.5,90.6667,30.927,0.0048,0.018,-0.05,0.053,0,No PFZ
10/5/2026,21.5,90.75,30.947,0.0036,0.024,-0.051,0.056,0,No PFZ
10/5/2026,21.5,90.8333,30.983,0.0025,0.032,-0.047,0.057,0,No PFZ
10/5/2026,21.5,90.9167,31.02,0.0025,0.046,-0.044,0.064,0,No PFZ
10/5/2026,21.5,91,31.01,0.0048,0.025,-0.103,0.106,0,No PFZ
10/5/2026,21.5,91.0833,31.097,0.0131,-0.007,-0.106,0.107,1,Moderate PFZ
10/5/2026,21.5,91.1667,30.891,0.0235,-0.015,-0.142,0.143,1,Moderate PFZ
10/5/2026,21.5,91.25,30.714,0.0277,-0.025,-0.066,0.07,1,Moderate PFZ
10/5/2026,21.5,91.3333,30.537,0.0273,-0.036,-0.004,0.036,1,Moderate PFZ
10/5/2026,21.5,91.4167,30.446,0.0217,-0.023,-0.116,0.119,1,Moderate PFZ
10/5/2026,21.5,91.5,30.443,0.0156,0.006,-0.152,0.153,1,Moderate PFZ
10/5/2026,21.5,91.5833,30.4,0.0106,0.028,-0.121,0.124,1,Moderate PFZ
10/5/2026,21.5,91.6667,30.29,0.0043,0.062,-0.194,0.204,1,Moderate PFZ
10/5/2026,21.5,91.75,30.295,0.015,0.084,-0.397,0.406,2,Strong PFZ
10/5/2026,21.5,91.8333,30.65,0.0116,0.109,-0.547,0.558,2,Strong PFZ
10/5/2026,21.5,91.9167,30.838,0.0194,0.16,-0.535,0.559,2,Strong PFZ
10/5/2026,21.5833,87.8333,31.017,0.0056,0.018,0.005,0.019,0,No PFZ
10/5/2026,21.5833,87.9167,31.042,0.01,0.02,0.006,0.021,1,Moderate PFZ
10/5/2026,21.5833,88,31.09,0.0141,0.023,-0.004,0.023,1,Moderate PFZ
10/5/2026,21.5833,88.0833,31.175,0.0146,0.021,-0.022,0.031,1,Moderate PFZ
10/5/2026,21.5833,88.1667,31.38,0.0092,0.037,-0.04,0.054,1,Moderate PFZ
10/5/2026,21.5833,88.25,31.292,0.0272,0.056,-0.03,0.064,1,Moderate PFZ
10/5/2026,21.5833,88.3333,31.206,0.0361,0.073,-0.026,0.078,1,Moderate PFZ
10/5/2026,21.5833,88.4167,31.277,0.0331,0.124,-0.028,0.127,1,Moderate PFZ
10/5/2026,21.5833,88.5833,31.031,0.0192,0.244,-0.108,0.267,2,Strong PFZ
10/5/2026,21.5833,88.6667,30.184,0.0281,0.303,-0.032,0.304,2,Strong PFZ
10/5/2026,21.5833,88.75,30.043,0.0177,0.356,-0.101,0.37,2,Strong PFZ
10/5/2026,21.5833,88.8333,29.973,0.0046,0.313,-0.089,0.326,2,Strong PFZ
10/5/2026,21.5833,88.9167,30.058,0.0059,0.24,-0.088,0.256,2,Strong PFZ
10/5/2026,21.5833,89,30.096,0.0179,0.16,-0.069,0.174,1,Moderate PFZ
10/5/2026,21.5833,89.0833,30.264,0.0278,0.063,-0.093,0.112,1,Moderate PFZ
10/5/2026,21.5833,89.1667,30.422,0.0267,0.035,-0.102,0.108,1,Moderate PFZ
10/5/2026,21.5833,89.25,30.536,0.0198,0.042,-0.05,0.065,1,Moderate PFZ
10/5/2026,21.5833,89.3333,30.643,0.0139,0.033,-0.08,0.087,1,Moderate PFZ
10/5/2026,21.5833,89.4167,30.7,0.0087,0.025,-0.057,0.062,1,Moderate PFZ
10/5/2026,21.5833,89.5,30.754,0.0067,0.006,-0.015,0.017,1,Moderate PFZ
10/5/2026,21.5833,89.5833,30.775,0.0103,-0.027,-0.051,0.058,1,Moderate PFZ
10/5/2026,21.5833,89.6667,30.802,0.0139,-0.031,-0.063,0.07,1,Moderate PFZ
10/5/2026,21.5833,89.75,30.774,0.0176,-0.002,-0.095,0.095,1,Moderate PFZ
10/5/2026,21.5833,89.8333,30.736,0.0171,0.001,-0.11,0.11,1,Moderate PFZ
10/5/2026,21.5833,89.9167,30.753,0.0139,-0.009,-0.082,0.083,1,Moderate PFZ
10/5/2026,21.5833,90,30.775,0.0112,-0.006,-0.067,0.067,1,Moderate PFZ
10/5/2026,21.5833,90.0833,30.787,0.0109,0.006,-0.06,0.061,1,Moderate PFZ
10/5/2026,21.5833,90.1667,30.781,0.0122,0.005,-0.079,0.079,1,Moderate PFZ
10/5/2026,21.5833,90.25,30.811,0.0116,0,-0.059,0.059,1,Moderate PFZ
10/5/2026,21.5833,90.3333,30.864,0.0108,0.008,-0.039,0.04,1,Moderate PFZ
10/5/2026,21.5833,90.4167,30.921,0.0092,0.02,-0.032,0.038,0,No PFZ
10/5/2026,21.5833,90.5,30.973,0.007,0.027,-0.029,0.039,0,No PFZ
10/5/2026,21.5833,90.5833,30.998,0.0053,0.027,-0.029,0.039,0,No PFZ
10/5/2026,21.5833,90.6667,31.017,0.0044,0.025,-0.031,0.04,0,No PFZ
10/5/2026,21.5833,90.75,31.032,0.0035,0.023,-0.032,0.039,0,No PFZ
10/5/2026,21.5833,90.8333,31.037,0.0024,0.024,-0.03,0.038,0,No PFZ
10/5/2026,21.5833,90.9167,31.041,0.0017,0.029,-0.028,0.04,0,No PFZ
10/5/2026,21.5833,91,31.033,0.0016,0.035,-0.04,0.053,0,No PFZ
10/5/2026,21.5833,91.0833,31.093,0.003,0.031,-0.057,0.065,0,No PFZ
10/5/2026,21.5833,91.1667,31.094,0.0108,0.004,-0.092,0.092,0,No PFZ
10/5/2026,21.5833,91.25,31.045,0.0196,-0.022,-0.062,0.066,1,Moderate PFZ
10/5/2026,21.5833,91.3333,30.961,0.026,-0.032,-0.022,0.039,1,Moderate PFZ
10/5/2026,21.5833,91.4167,30.631,0.0239,-0.003,-0.12,0.12,1,Moderate PFZ
10/5/2026,21.5833,91.5,30.537,0.0172,0.037,-0.15,0.155,1,Moderate PFZ
10/5/2026,21.5833,91.5833,30.434,0.0119,0.036,-0.106,0.112,1,Moderate PFZ
10/5/2026,21.5833,91.6667,30.236,0.0015,0.03,-0.147,0.15,1,Moderate PFZ
10/5/2026,21.5833,91.75,30.311,0.0104,0.036,-0.383,0.384,2,Strong PFZ
10/5/2026,21.5833,91.8333,30.667,0.0048,0.057,-0.528,0.531,2,Strong PFZ
10/5/2026,21.6667,87.8333,31.209,0.0277,0.014,0.007,0.016,1,Moderate PFZ
10/5/2026,21.6667,87.9167,31.163,0.0159,0.02,0.016,0.026,1,Moderate PFZ
10/5/2026,21.6667,88,31.187,0.0141,0.017,0.008,0.019,1,Moderate PFZ
10/5/2026,21.6667,88.0833,31.332,0.0111,0.015,-0.009,0.018,1,Moderate PFZ
10/5/2026,21.6667,88.1667,31.53,0.0351,0.029,-0.019,0.034,1,Moderate PFZ
10/5/2026,21.6667,88.6667,30.405,0.0276,0.228,-0.29,0.368,2,Strong PFZ
10/5/2026,21.6667,88.8333,30.028,0.0079,0.303,-0.15,0.338,1,Moderate PFZ
10/5/2026,21.6667,88.9167,30.134,0.0101,0.222,-0.086,0.238,1,Moderate PFZ
10/5/2026,21.6667,89.0833,30.967,0.0227,-0.014,-0.102,0.103,1,Moderate PFZ
10/5/2026,21.6667,89.1667,31.096,0.0112,-0.019,-0.104,0.105,1,Moderate PFZ
10/5/2026,21.6667,89.25,30.941,0.0112,0.006,-0.095,0.095,1,Moderate PFZ
10/5/2026,21.6667,89.3333,31.003,0.0154,-0.005,-0.074,0.074,1,Moderate PFZ
10/5/2026,21.6667,89.4167,30.959,0.0186,-0.01,-0.054,0.055,1,Moderate PFZ
10/5/2026,21.6667,89.5,30.91,0.0202,-0.014,-0.038,0.041,1,Moderate PFZ
10/5/2026,21.6667,89.5833,30.901,0.0193,-0.016,-0.042,0.045,1,Moderate PFZ
10/5/2026,21.6667,89.6667,30.903,0.0155,0.001,-0.054,0.054,1,Moderate PFZ
10/5/2026,21.6667,89.75,30.874,0.0064,0.022,-0.027,0.035,1,Moderate PFZ
10/5/2026,21.6667,89.8333,30.831,0.0031,0.026,-0.035,0.043,1,Moderate PFZ
10/5/2026,21.6667,89.9167,30.814,0.007,0.02,-0.036,0.041,0,No PFZ
10/5/2026,21.6667,90,30.825,0.0056,0.02,-0.037,0.043,0,No PFZ
10/5/2026,21.6667,90.0833,30.845,0.0013,0.027,-0.03,0.041,0,No PFZ
10/5/2026,21.6667,90.1667,30.862,0.0031,0.034,-0.03,0.045,0,No PFZ
10/5/2026,21.6667,90.25,30.882,0.004,0.04,-0.021,0.045,0,No PFZ
10/5/2026,21.6667,90.3333,30.916,0.006,0.041,-0.015,0.044,0,No PFZ
10/5/2026,21.6667,90.4167,30.952,0.0065,0.037,-0.015,0.04,0,No PFZ
10/5/2026,21.6667,90.5,30.986,0.0055,0.032,-0.015,0.036,0,No PFZ
10/5/2026,21.6667,90.5833,31.015,0.0049,0.028,-0.016,0.032,0,No PFZ
10/5/2026,21.6667,90.6667,31.045,0.0045,0.023,-0.019,0.03,0,No PFZ
10/5/2026,21.6667,90.75,31.066,0.0036,0.021,-0.023,0.031,0,No PFZ
10/5/2026,21.6667,90.8333,31.068,0.0027,0.023,-0.023,0.033,0,No PFZ
10/5/2026,21.6667,90.9167,31.062,0.002,0.027,-0.022,0.035,0,No PFZ
10/5/2026,21.6667,91,31.054,0.0007,0.029,-0.022,0.036,0,No PFZ
10/5/2026,21.6667,91.0833,31.043,0.0011,0.027,-0.025,0.037,0,No PFZ
10/5/2026,21.6667,91.1667,31.087,0.0011,0.017,-0.034,0.038,0,No PFZ
10/5/2026,21.6667,91.25,31.102,0.0066,0.006,-0.033,0.034,0,No PFZ
10/5/2026,21.6667,91.3333,31.091,0.0179,0.005,-0.064,0.065,1,Moderate PFZ
10/5/2026,21.6667,91.4167,30.737,0.024,0.046,-0.144,0.152,1,Moderate PFZ
10/5/2026,21.6667,91.5,30.553,0.0214,0.081,-0.177,0.195,2,Strong PFZ
10/5/2026,21.6667,91.5833,30.368,0.0141,0.034,-0.063,0.071,1,Moderate PFZ
10/5/2026,21.6667,91.6667,30.203,0.0044,-0.017,-0.093,0.094,1,Moderate PFZ
10/5/2026,21.6667,91.75,30.39,0.0094,-0.019,-0.37,0.37,2,Strong PFZ
10/5/2026,21.6667,91.8333,30.65,0.0069,0.001,-0.538,0.538,2,Strong PFZ
10/5/2026,21.75,87.9167,31.284,0.0475,0.016,0.014,0.021,1,Moderate PFZ
10/5/2026,21.75,88,31.294,0.0298,0.013,0.016,0.021,1,Moderate PFZ
10/5/2026,21.75,88.0833,31.444,0.0056,0.01,-0.007,0.012,1,Moderate PFZ
10/5/2026,21.75,88.1667,31.578,0.0498,0.015,-0.014,0.021,1,Moderate PFZ
10/5/2026,21.75,88.5,31.949,0.0272,0.024,-0.248,0.249,1,Moderate PFZ
10/5/2026,21.75,88.5833,31.59,0.0126,0.024,-0.293,0.293,1,Moderate PFZ
10/5/2026,21.75,88.6667,31.158,0.033,0.065,-0.292,0.3,1,Moderate PFZ
10/5/2026,21.75,89.75,30.965,0.0306,0.029,-0.029,0.041,1,Moderate PFZ
10/5/2026,21.75,89.8333,30.913,0.0197,0.031,-0.024,0.039,1,Moderate PFZ
10/5/2026,21.75,89.9167,30.877,0.0062,0.032,-0.013,0.035,0,No PFZ
10/5/2026,21.75,90,30.88,0.0056,0.036,-0.022,0.042,0,No PFZ
10/5/2026,21.75,90.0833,30.903,0.0175,0.042,-0.028,0.05,0,No PFZ
10/5/2026,21.75,90.1667,30.951,0.0248,0.043,-0.027,0.051,0,No PFZ
10/5/2026,21.75,90.25,30.979,0.0234,0.045,-0.015,0.048,1,Moderate PFZ
10/5/2026,21.75,90.3333,30.986,0.0135,0.042,-0.001,0.042,1,Moderate PFZ
10/5/2026,21.75,90.4167,30.987,0.0074,0.036,-0.002,0.036,0,No PFZ
10/5/2026,21.75,90.5,30.994,0.0081,0.031,-0.006,0.032,0,No PFZ
10/5/2026,21.75,90.5833,31.014,0.0083,0.028,-0.007,0.029,0,No PFZ
10/5/2026,21.75,90.6667,31.045,0.0074,0.025,-0.009,0.027,0,No PFZ
10/5/2026,21.75,90.75,31.07,0.0053,0.023,-0.013,0.027,0,No PFZ
10/5/2026,21.75,90.8333,31.079,0.0032,0.024,-0.017,0.029,0,No PFZ
10/5/2026,21.75,90.9167,31.084,0.002,0.026,-0.016,0.031,0,No PFZ
10/5/2026,21.75,91,31.068,0.0024,0.027,-0.013,0.03,0,No PFZ
10/5/2026,21.75,91.0833,31.035,0.0033,0.025,-0.01,0.027,0,No PFZ
10/5/2026,21.75,91.1667,30.996,0.0042,0.018,-0.006,0.019,0,No PFZ
10/5/2026,21.75,91.25,30.972,0.0055,0.017,-0.005,0.018,0,No PFZ
10/5/2026,21.75,91.3333,31.014,0.012,0.031,-0.06,0.068,1,Moderate PFZ
10/5/2026,21.75,91.4167,30.717,0.0198,0.067,-0.171,0.183,1,Moderate PFZ
10/5/2026,21.75,91.5,30.638,0.0225,0.07,-0.179,0.192,2,Strong PFZ
10/5/2026,21.75,91.5833,30.285,0.0175,-0.009,-0.004,0.009,1,Moderate PFZ
10/5/2026,21.75,91.6667,30.308,0.012,-0.045,-0.065,0.079,1,Moderate PFZ
10/5/2026,21.75,91.75,30.461,0.0097,-0.019,-0.346,0.346,2,Strong PFZ
10/5/2026,21.75,91.8333,30.619,0.0112,-0.009,-0.51,0.51,2,Strong PFZ
10/5/2026,21.8333,88,31.401,0.0579,0.012,0.005,0.013,1,Moderate PFZ
10/5/2026,21.8333,88.0833,31.539,0.0146,0.01,-0.001,0.01,1,Moderate PFZ
10/5/2026,21.8333,88.1667,31.7,0.0502,0.01,-0.012,0.016,1,Moderate PFZ
10/5/2026,21.8333,89.9167,31.039,0.0197,0.03,-0.013,0.033,1,Moderate PFZ
10/5/2026,21.8333,90,31.027,0.0199,0.037,-0.023,0.044,1,Moderate PFZ
10/5/2026,21.8333,90.3333,31.081,0.0376,0.03,0.002,0.031,1,Moderate PFZ
10/5/2026,21.8333,90.4167,31.1,0.0198,0.022,0.003,0.022,1,Moderate PFZ
10/5/2026,21.8333,90.5,31.107,0.0131,0.02,-0.002,0.02,1,Moderate PFZ
10/5/2026,21.8333,90.5833,31.14,0.0139,0.022,-0.005,0.022,0,No PFZ
10/5/2026,21.8333,90.6667,31.151,0.0133,0.025,-0.004,0.025,0,No PFZ
10/5/2026,21.8333,90.75,31.13,0.0103,0.027,-0.006,0.027,0,No PFZ
10/5/2026,21.8333,90.8333,31.099,0.0064,0.027,-0.009,0.029,0,No PFZ
10/5/2026,21.8333,90.9167,31.089,0.0043,0.028,-0.011,0.031,0,No PFZ
10/5/2026,21.8333,91,31.056,0.0064,0.03,-0.006,0.03,0,No PFZ
10/5/2026,21.8333,91.0833,31.011,0.0039,0.029,0,0.029,0,No PFZ
10/5/2026,21.8333,91.1667,30.968,0.0028,0.027,0.002,0.027,0,No PFZ
10/5/2026,21.8333,91.25,30.953,0.003,0.026,0.003,0.026,0,No PFZ
10/5/2026,21.8333,91.3333,30.956,0.0062,0.039,-0.078,0.087,0,No PFZ
10/5/2026,21.8333,91.4167,30.896,0.0127,0.042,-0.163,0.168,1,Moderate PFZ
10/5/2026,21.8333,91.5,30.801,0.0189,-0.024,-0.146,0.148,1,Moderate PFZ
10/5/2026,21.8333,91.5833,30.578,0.0208,-0.128,0.127,0.181,1,Moderate PFZ
10/5/2026,21.8333,91.6667,30.535,0.0167,-0.075,-0.047,0.089,2,Strong PFZ
10/5/2026,21.8333,91.75,30.547,0.012,0.023,-0.318,0.319,2,Strong PFZ
10/5/2026,21.8333,91.8333,30.679,0.0173,0.021,-0.493,0.493,2,Strong PFZ
10/5/2026,21.9167,88.0833,31.617,0.0405,0.011,0.01,0.015,1,Moderate PFZ
10/5/2026,21.9167,88.1667,31.806,0.0449,0.011,-0.014,0.018,1,Moderate PFZ
10/5/2026,21.9167,89.9167,31.282,0.0281,0.031,-0.01,0.032,1,Moderate PFZ
10/5/2026,21.9167,90,31.24,0.0289,0.037,-0.003,0.037,1,Moderate PFZ
10/5/2026,21.9167,90.4167,31.259,0.0411,0.012,0.008,0.014,1,Moderate PFZ
10/5/2026,21.9167,90.5,31.278,0.017,0.011,0,0.011,1,Moderate PFZ
10/5/2026,21.9167,90.5833,31.346,0.0116,0.014,-0.005,0.015,1,Moderate PFZ
10/5/2026,21.9167,90.6667,31.364,0.0145,0.019,-0.004,0.019,1,Moderate PFZ
10/5/2026,21.9167,90.75,31.274,0.0139,0.024,-0.002,0.024,0,No PFZ
10/5/2026,21.9167,90.8333,31.171,0.0125,0.028,-0.003,0.028,0,No PFZ
10/5/2026,21.9167,90.9167,31.117,0.0141,0.034,-0.009,0.035,0,No PFZ
10/5/2026,21.9167,91,31.043,0.0095,0.038,0,0.038,0,No PFZ
10/5/2026,21.9167,91.0833,31.002,0.0035,0.037,0.009,0.038,0,No PFZ
10/5/2026,21.9167,91.1667,30.97,0.0071,0.035,0.009,0.036,0,No PFZ
10/5/2026,21.9167,91.25,30.956,0.0058,0.033,0.004,0.033,0,No PFZ
10/5/2026,21.9167,91.3333,30.938,0.0049,0.032,-0.004,0.033,0,No PFZ
10/5/2026,21.9167,91.4167,30.927,0.007,0.038,-0.082,0.091,1,Moderate PFZ
10/5/2026,21.9167,91.5,30.862,0.0112,0.004,-0.152,0.152,1,Moderate PFZ
10/5/2026,21.9167,91.5833,30.809,0.0163,-0.087,-0.128,0.155,1,Moderate PFZ
10/5/2026,21.9167,91.6667,30.671,0.017,-0.039,-0.081,0.09,2,Strong PFZ
10/5/2026,21.9167,91.75,30.599,0.0164,0.059,-0.265,0.271,2,Strong PFZ
10/5/2026,21.9167,91.8333,30.806,0.0241,0.056,-0.434,0.437,2,Strong PFZ
10/5/2026,22,88.0833,31.738,0.057,0.012,0.001,0.012,1,Moderate PFZ
10/5/2026,22,88.1667,31.852,0.0547,0.011,-0.004,0.012,1,Moderate PFZ
10/5/2026,22,89.9167,31.419,0.0379,0.031,-0.007,0.032,1,Moderate PFZ
10/5/2026,22,90,31.393,0.0381,0.036,-0.006,0.037,1,Moderate PFZ
10/5/2026,22,90.4167,31.349,0.053,0.01,0.004,0.011,1,Moderate PFZ
10/5/2026,22,90.5,31.368,0.0411,0.011,0,0.011,1,Moderate PFZ
10/5/2026,22,90.5833,31.457,0.0187,0.011,-0.003,0.012,1,Moderate PFZ
10/5/2026,22,90.6667,31.518,0.0044,0.012,-0.003,0.013,1,Moderate PFZ
10/5/2026,22,90.75,31.413,0.0139,0.015,0,0.015,1,Moderate PFZ
10/5/2026,22,90.8333,31.266,0.0241,0.021,0,0.021,1,Moderate PFZ
10/5/2026,22,90.9167,31.148,0.0221,0.032,-0.003,0.032,1,Moderate PFZ
10/5/2026,22,91.0833,31.192,0.015,0.029,0.017,0.034,0,No PFZ
10/5/2026,22,91.1667,31.125,0.0087,0.028,0.014,0.031,0,No PFZ
10/5/2026,22,91.25,31.043,0.0108,0.032,0.007,0.033,0,No PFZ
10/5/2026,22,91.3333,30.963,0.008,0.03,0,0.03,0,No PFZ
10/5/2026,22,91.4167,30.906,0.0052,0.031,-0.012,0.034,0,No PFZ
10/5/2026,22,91.5,30.873,0.0053,0.035,-0.024,0.042,0,No PFZ
10/5/2026,22,91.5833,30.893,0.0089,0.043,-0.097,0.106,1,Moderate PFZ
10/5/2026,22,91.6667,30.855,0.0129,0.068,-0.114,0.133,1,Moderate PFZ
10/5/2026,22,91.75,30.842,0.0158,0.081,-0.182,0.199,2,Strong PFZ
10/5/2026,22,91.8333,31.051,0.0299,0.072,-0.321,0.329,2,Strong PFZ
10/5/2026,22.0833,90.5833,31.517,0.0457,0.007,0.001,0.007,1,Moderate PFZ
10/5/2026,22.0833,90.6667,31.577,0.0215,0.007,0,0.007,1,Moderate PFZ
10/5/2026,22.0833,90.75,31.465,0.032,0.01,0.004,0.011,1,Moderate PFZ
10/5/2026,22.0833,90.8333,31.366,0.0285,0.013,0.005,0.014,1,Moderate PFZ
10/5/2026,22.0833,91,31.45,0.0168,0.031,-0.013,0.033,1,Moderate PFZ
10/5/2026,22.0833,91.0833,31.485,0.0177,0.029,0,0.029,1,Moderate PFZ
10/5/2026,22.0833,91.1667,31.352,0.0101,0.025,0.009,0.027,1,Moderate PFZ
10/5/2026,22.0833,91.25,31.141,0.0102,0.023,0.01,0.025,0,No PFZ
10/5/2026,22.0833,91.3333,30.989,0.01,0.023,0.004,0.023,0,No PFZ
10/5/2026,22.0833,91.4167,30.92,0.0046,0.024,-0.008,0.025,0,No PFZ
10/5/2026,22.0833,91.5,30.925,0.0025,0.028,-0.023,0.036,0,No PFZ
10/5/2026,22.0833,91.5833,30.935,0.0041,0.035,-0.044,0.056,0,No PFZ
10/5/2026,22.0833,91.6667,30.949,0.0064,0.055,-0.085,0.101,0,No PFZ
10/5/2026,22.0833,91.75,31.047,0.0082,0.068,-0.14,0.155,1,Moderate PFZ
10/5/2026,22.0833,91.8333,31.144,0.0335,0.063,-0.236,0.244,1,Moderate PFZ
10/5/2026,22.1667,90.5833,31.535,0.0554,0.006,0.001,0.006,1,Moderate PFZ
10/5/2026,22.1667,90.6667,31.61,0.0509,0.006,0.003,0.007,1,Moderate PFZ
10/5/2026,22.1667,90.8333,31.382,0.0106,0.006,0.015,0.016,1,Moderate PFZ
10/5/2026,22.1667,91,31.366,0.0044,0.024,-0.028,0.036,0,No PFZ
10/5/2026,22.1667,91.1667,31.315,0.0348,0.015,0.012,0.019,1,Moderate PFZ
10/5/2026,22.1667,91.25,31.112,0.0128,0.009,0.013,0.016,0,No PFZ
10/5/2026,22.1667,91.3333,30.971,0.006,0.011,0.007,0.013,0,No PFZ
10/5/2026,22.1667,91.4167,30.925,0.0032,0.014,-0.006,0.016,0,No PFZ
10/5/2026,22.1667,91.5,30.947,0.0007,0.019,-0.021,0.028,0,No PFZ
10/5/2026,22.1667,91.5833,30.949,0.0013,0.023,-0.036,0.042,0,No PFZ
10/5/2026,22.1667,91.6667,30.96,0.0004,0.026,-0.051,0.057,0,No PFZ
10/5/2026,22.1667,91.75,30.993,0.0161,0.036,-0.089,0.096,1,Moderate PFZ
10/5/2026,22.1667,91.8333,31.018,0.0389,0.045,-0.124,0.131,1,Moderate PFZ
10/5/2026,22.25,90.8333,31.281,0.0295,0.007,0.015,0.017,1,Moderate PFZ
10/5/2026,22.25,90.9167,31.214,0.0045,0.007,-0.002,0.007,0,No PFZ
10/5/2026,22.25,91,31.224,0.0284,0.011,-0.021,0.024,0,No PFZ
10/5/2026,22.25,91.25,31.04,0.0248,0.002,0.012,0.012,0,No PFZ
10/5/2026,22.25,91.3333,30.95,0.004,0.003,0.007,0.007,0,No PFZ
10/5/2026,22.25,91.4167,30.919,0.0017,0.008,-0.006,0.01,0,No PFZ
10/5/2026,22.25,91.5,30.931,0.0006,0.013,-0.02,0.024,0,No PFZ
10/5/2026,22.25,91.5833,30.916,0.0004,0.017,-0.032,0.037,0,No PFZ
10/5/2026,22.25,91.6667,30.932,0.0061,0.021,-0.046,0.05,0,No PFZ
10/5/2026,22.25,91.75,31.007,0.0275,0.024,-0.064,0.069,1,Moderate PFZ
10/5/2026,22.3333,90.8333,30.917,0.0359,0.009,0.016,0.019,1,Moderate PFZ
10/5/2026,22.3333,90.9167,30.968,0.0136,0.009,0.009,0.013,1,Moderate PFZ
10/5/2026,22.3333,91,31.084,0.0295,0.007,-0.004,0.008,1,Moderate PFZ
10/5/2026,22.3333,91.25,31.022,0.025,0,0.01,0.01,0,No PFZ
10/5/2026,22.3333,91.3333,30.951,0.0061,0.002,0.005,0.005,0,No PFZ
10/5/2026,22.3333,91.4167,30.947,0.0013,0.007,-0.007,0.01,0,No PFZ
10/5/2026,22.3333,91.5,30.941,0.0017,0.013,-0.02,0.024,0,No PFZ
10/5/2026,22.3333,91.5833,30.918,0.0017,0.018,-0.028,0.034,0,No PFZ
10/5/2026,22.3333,91.6667,30.924,0.0086,0.02,-0.037,0.042,0,No PFZ
10/5/2026,22.3333,91.75,31.024,0.032,0.022,-0.05,0.055,1,Moderate PFZ
10/5/2026,22.4167,90.8333,30.737,0.0283,0.009,0.026,0.028,1,Moderate PFZ
10/5/2026,22.4167,90.9167,30.692,0.0154,0.01,0.012,0.015,1,Moderate PFZ
10/5/2026,22.4167,91,30.862,0.0172,0.015,0.018,0.024,1,Moderate PFZ
10/5/2026,22.4167,91.1667,31.078,0.0259,0.004,0.007,0.008,1,Moderate PFZ
10/5/2026,22.4167,91.25,31.004,0.0138,0.003,0.011,0.011,0,No PFZ
10/5/2026,22.4167,91.3333,30.955,0.0062,0.007,0.005,0.009,0,No PFZ
10/5/2026,22.4167,91.4167,31.001,0.0024,0.01,-0.007,0.013,0,No PFZ
10/5/2026,22.4167,91.5,30.948,0.0004,0.017,-0.017,0.025,0,No PFZ
10/5/2026,22.4167,91.5833,30.969,0.0015,0.024,-0.023,0.033,0,No PFZ
10/5/2026,22.4167,91.6667,30.955,0.0102,0.024,-0.027,0.036,0,No PFZ
10/5/2026,22.4167,91.75,31.032,0.0341,0.023,-0.037,0.044,1,Moderate PFZ
10/5/2026,22.5,90.8333,30.619,0.0215,0.019,0.026,0.032,1,Moderate PFZ
10/5/2026,22.5,90.9167,30.652,0.0091,0.02,0.012,0.024,1,Moderate PFZ
10/5/2026,22.5,91,30.704,0.0069,0.03,0.017,0.034,1,Moderate PFZ
10/5/2026,22.5,91.1667,30.921,0.0152,0.021,0.001,0.021,1,Moderate PFZ
10/5/2026,22.5,91.25,30.858,0.0111,0.011,0.016,0.019,1,Moderate PFZ
10/5/2026,22.5,91.3333,30.851,0.0126,0.013,0.007,0.015,0,No PFZ
10/5/2026,22.5,91.4167,30.981,0.0108,0.015,-0.007,0.017,0,No PFZ
10/5/2026,22.5,91.5,30.984,0.0078,0.014,-0.021,0.025,0,No PFZ
10/5/2026,22.5,91.5833,31.024,0.0072,0.018,-0.028,0.033,0,No PFZ
10/5/2026,22.5,91.6667,31.022,0.0205,0.025,-0.025,0.036,1,Moderate PFZ
10/5/2026,22.5,91.75,31.046,0.0392,0.025,-0.026,0.037,1,Moderate PFZ
10/5/2026,22.5833,90.8333,30.639,0.0157,0.017,0.026,0.031,1,Moderate PFZ
10/5/2026,22.5833,90.9167,30.663,0.0096,0.017,0.02,0.027,1,Moderate PFZ
10/5/2026,22.5833,91,30.679,0.0134,0.03,0.013,0.033,1,Moderate PFZ
10/5/2026,22.5833,91.0833,30.976,0.0119,0.045,0.009,0.046,1,Moderate PFZ
10/5/2026,22.5833,91.1667,30.796,0.0103,0.034,0.015,0.037,1,Moderate PFZ
10/5/2026,22.5833,91.25,30.628,0.0133,0.017,0.023,0.029,1,Moderate PFZ
10/5/2026,22.5833,91.3333,30.64,0.0138,0.011,0.023,0.025,1,Moderate PFZ
10/5/2026,22.5833,91.4167,30.809,0.0164,0.006,0.007,0.009,1,Moderate PFZ
10/5/2026,22.5833,91.5,30.871,0.0187,0.004,-0.016,0.017,1,Moderate PFZ
10/5/2026,22.5833,91.5833,30.907,0.0236,0.01,-0.023,0.025,1,Moderate PFZ
10/5/2026,22.5833,91.6667,31.007,0.0368,0.018,-0.028,0.034,1,Moderate PFZ
10/5/2026,22.6667,90.75,30.752,0.0167,0.011,0.026,0.028,1,Moderate PFZ
10/5/2026,22.6667,90.8333,30.705,0.0147,0.012,0.026,0.029,1,Moderate PFZ
10/5/2026,22.6667,90.9167,30.701,0.0204,0.018,0.026,0.032,1,Moderate PFZ
10/5/2026,22.6667,91.1667,31.005,0.0252,0.015,0.019,0.024,1,Moderate PFZ
10/5/2026,22.6667,91.25,30.652,0.0198,0.012,0.023,0.026,1,Moderate PFZ
10/5/2026,22.6667,91.3333,30.616,0.0149,0.007,0.026,0.027,1,Moderate PFZ
10/5/2026,22.6667,91.4167,30.631,0.018,-0.001,-0.004,0.004,1,Moderate PFZ
10/5/2026,22.6667,91.5,30.629,0.0264,-0.002,-0.006,0.006,1,Moderate PFZ
10/5/2026,22.6667,91.5833,30.699,0.0324,0.002,-0.016,0.016,1,Moderate PFZ
10/5/2026,22.75,91.3333,30.604,0.0199,0.024,0.013,0.028,1,Moderate PFZ
10/5/2026,22.75,91.4167,30.625,0.0211,0.016,0.008,0.018,1,Moderate PFZ
